"","SampleYear","Site","Canopy_Height_cm","SampleID","Width_cm","Width_2_cm","Species","Stem_Elongation_1_mm","Stem_Elongation_2_mm","Stem_Elongation_3_mm","mean_stem_elong"
"1",2022,"Kluane",195,"KPSP01",285,168,"Salix pulchra",47,23,44,38
"2",2022,"Kluane",152,"KPSP02",118,98,"Salix pulchra",132,111,124,122.333333333333
"3",2022,"Kluane",155,"KPSP03",125,220,"Salix pulchra",66,104,160,110
"4",2022,"Kluane",174,"KPSP04",179,130,"Salix pulchra",86,106,85,92.3333333333333
"5",2022,"Kluane",176,"KPSP05",286,255,"Salix pulchra",102,76,107,95
"6",2022,"Kluane",177,"KPSP06",153,190,"Salix pulchra",95,70,77,80.6666666666667
"7",2022,"Kluane",83,"KPSP07",99,123,"Salix pulchra",33,105,104,80.6666666666667
"8",2022,"Kluane",123,"KPSP08",167,175,"Salix pulchra",50,28,57,45
"9",2022,"Kluane",157,"KPSP09",203,145,"Salix pulchra",55,124,141,106.666666666667
"10",2022,"Kluane",66,"KPSP10",96,107,"Salix pulchra",34,35,19,29.3333333333333
"11",2022,"Kluane",143,"KPSR01",154,109,"Salix richardsonii",46,54,86,62
"12",2022,"Kluane",125.5,"KPSR02",110,164,"Salix richardsonii",51,82,75,69.3333333333333
"13",2022,"Kluane",145,"KPSR03",200,154,"Salix richardsonii",75,60,46,60.3333333333333
"14",2022,"Kluane",140,"KPSR04",139,144,"Salix richardsonii",108,160,155,141
"15",2022,"Kluane",155.2,"KPSR05",171,184,"Salix richardsonii",80,137,170,129
"16",2022,"Kluane",132,"KPSR06",236,242,"Salix richardsonii",120,138,160,139.333333333333
"17",2022,"Kluane",159,"KPSR07",163,173,"Salix richardsonii",141,124,75,113.333333333333
"18",2022,"Kluane",171,"KPSR08",245,221,"Salix richardsonii",80,45,100,75
"19",2022,"Kluane",84.5,"KPSR09",81,73,"Salix richardsonii",37,47,31,38.3333333333333
"20",2022,"Kluane",113,"KPSR10",210,147,"Salix richardsonii",94,136,95,108.333333333333
"21",2022,"Qikiqtaruk",19,"HESP01",29.5,23,"Salix pulchra",9,14,8,10.3333333333333
"22",2022,"Qikiqtaruk",14.5,"HESP02",16,11.5,"Salix pulchra",21,11,16,16
"23",2022,"Qikiqtaruk",24,"HESP03",36,18,"Salix pulchra",24,14,23,20.3333333333333
"24",2022,"Qikiqtaruk",16.4,"HESP04",21,12.6,"Salix pulchra",26,19,43,29.3333333333333
"25",2022,"Qikiqtaruk",16.2,"HESP05",27.5,9.4,"Salix pulchra",54,31,27,37.3333333333333
"26",2022,"Qikiqtaruk",16.1,"HESP06",18.5,5.2,"Salix pulchra",13,34,20,22.3333333333333
"27",2022,"Qikiqtaruk",26.5,"HESR01",93.7,78.1,"Salix richardsonii",88,34,38,53.3333333333333
"28",2022,"Qikiqtaruk",23.2,"HESR02",88.2,93.4,"Salix richardsonii",27,32,34,31
"29",2022,"Qikiqtaruk",23.8,"HESR03",58.3,60.9,"Salix richardsonii",84,59,86,76.3333333333333
"30",2022,"Qikiqtaruk",31.3,"HESR04",130.3,92.1,"Salix richardsonii",35,28,41,34.6666666666667
"31",2022,"Qikiqtaruk",27.2,"HESR05",63,61.5,"Salix richardsonii",32,31,24,29
"32",2022,"Qikiqtaruk",61,"HESR06",157,105,"Salix richardsonii",66,78,72,72
"33",2022,"Qikiqtaruk",36.7,"HESR07",284,314,"Salix richardsonii",39,28,37,34.6666666666667
"34",2022,"Qikiqtaruk",19.4,"HESR08",44,15,"Salix richardsonii",44,18,7,23
"35",2022,"Qikiqtaruk",23.2,"HESR09",207,114,"Salix richardsonii",22,23,32,25.6666666666667
"36",2022,"Qikiqtaruk",24.5,"HESR10",84,79,"Salix richardsonii",16,22,15,17.6666666666667
"37",2022,"Qikiqtaruk",4.5,"HESA01",3.9,2,"Salix arctica",14,21,11,15.3333333333333
"38",2022,"Qikiqtaruk",6.4,"HESA02",5,3.4,"Salix arctica",38,43,31,37.3333333333333
"39",2022,"Qikiqtaruk",4.2,"HESA03",1.5,1.4,"Salix arctica",12,13,15,13.3333333333333
"40",2022,"Qikiqtaruk",5.6,"HESA04",8,4.1,"Salix arctica",24,22,11,19
"41",2022,"Qikiqtaruk",4,"HESA05",4.4,2.7,"Salix arctica",10,7,18,11.6666666666667
"42",2022,"Qikiqtaruk",6.4,"HESA06",3.1,2.6,"Salix arctica",14,16,9,13
"43",2022,"Qikiqtaruk",7.4,"HESA07",6.5,4.9,"Salix arctica",10,14,9,11
"44",2022,"Qikiqtaruk",10.2,"HESA08",33,6.4,"Salix arctica",27,19,22,22.6666666666667
"45",2022,"Qikiqtaruk",9.1,"HESA09",6.9,4.1,"Salix arctica",14,5,12,10.3333333333333
"46",2022,"Qikiqtaruk",6.5,"HESA10",15,7.2,"Salix arctica",18,12,15,15
"47",2022,"Qikiqtaruk",24.5,"HESP07",29,23.5,"Salix pulchra",47,22,18,29
"48",2022,"Qikiqtaruk",10.3,"HESP08",21.5,16.2,"Salix pulchra",26,16,14,18.6666666666667
"49",2022,"Qikiqtaruk",13.1,"HESP09",27.6,17.6,"Salix pulchra",33,32,18,27.6666666666667
"50",2022,"Qikiqtaruk",25.8,"HESP10",49.5,22.1,"Salix pulchra",22,20,33,25
"51",2017,"Kluane",84,"KP17SP1",113,123,"Salix pulchra",51,97,86,78
"52",2017,"Kluane",49,"KP17SP3",55,42,"Salix pulchra",59,59,45,54.3333333333333
"53",2017,"Kluane",54,"KP17SP4",184,202,"Salix pulchra",48,22,45,38.3333333333333
"54",2017,"Kluane",68,"KP17SP5",115,84,"Salix pulchra",90,58,102,83.3333333333333
"55",2017,"Kluane",108,"KP17SR1",233,182,"Salix richardsonii",68,52,66,62
"56",2017,"Kluane",44,"KP17SR3",113,115,"Salix richardsonii",51,62,89,67.3333333333333
"57",2017,"Kluane",106,"KP17SR5",182,154,"Salix richardsonii",57,71,82,70
"58",2017,"Kluane",4.8,"KP17SA1",16,16,"Salix arctica",NA,NA,NA,NA
"59",2017,"Kluane",5,"KP17SA2",35,41,"Salix arctica",NA,NA,NA,NA
"60",2017,"Kluane",3,"KP17SA3",28,19,"Salix arctica",NA,NA,NA,NA
"61",2017,"Kluane",5,"KP17SA4",57,42,"Salix arctica",NA,NA,NA,NA
"62",2017,"Kluane",5,"KP17SA5",29,25,"Salix arctica",NA,NA,NA,NA
"63",2017,"Kluane",10,"KP17SA6",23,11,"Salix arctica",NA,NA,NA,NA
"64",2017,"Kluane",4,"KP17SA7",45,32,"Salix arctica",NA,NA,NA,NA
"65",2017,"Kluane",6,"KP17SA8",61,27,"Salix arctica",NA,NA,NA,NA
"66",2017,"Kluane",4,"KP17SA9",45,43,"Salix arctica",NA,NA,NA,NA
"67",2017,"Kluane",5,"KP17SA10",44,47,"Salix arctica",NA,NA,NA,NA
"68",2017,"Kluane",38.8,"PC17SR1",47,24,"Salix richardsonii",75,70,60,68.3333333333333
"69",2017,"Kluane",55,"PC17SR3",68,69,"Salix richardsonii",45,38,61,48
"70",2017,"Kluane",31,"PC17SR4",45,36,"Salix richardsonii",48,32,33,37.6666666666667
"71",2017,"Kluane",66,"PC17SR5",112,96,"Salix richardsonii",37,39,50,42
"72",2017,"Kluane",56,"PC17SR6",128,52,"Salix richardsonii",65,60,70,65
"73",2017,"Kluane",64,"PC17SR7",157,137,"Salix richardsonii",135,84,113,110.666666666667
"74",2017,"Kluane",64,"PC17SR8",102,157,"Salix richardsonii",64,71,98,77.6666666666667
"75",2017,"Kluane",63,"PC17SR9",110,72,"Salix richardsonii",41,30,18,29.6666666666667
"76",2017,"Kluane",78,"PC17SR10",109,89,"Salix richardsonii",82,65,46,64.3333333333333
"77",2017,"Kluane",80,"PC17SR11",120,171,"Salix richardsonii",73,83,87,81
"78",2017,"Kluane",41,"PC17SR12",45,60,"Salix richardsonii",36,90,51,59
"79",2017,"Kluane",77,"PC17SR13",136,65,"Salix richardsonii",52,45,71,56
"80",2017,"Kluane",97,"PC17SR14",145,109,"Salix richardsonii",156,100,85,113.666666666667
"81",2017,"Kluane",109,"PC17SR15",242,224,"Salix richardsonii",84,57,66,69
"82",2017,"Kluane",81,"PP17SR16",137,121,"Salix richardsonii",45,59,57,53.6666666666667
"83",2017,"Kluane",78.5,"PP17SR17",154,150,"Salix richardsonii",55,50,35,46.6666666666667
"84",2017,"Kluane",52,"PP17SR18",102,43,"Salix richardsonii",57,51,65,57.6666666666667
"85",2017,"Kluane",45,"PP17SR19",66,46,"Salix richardsonii",30,37,34,33.6666666666667
"86",2017,"Kluane",37,"PP17SR20",32,30,"Salix richardsonii",40,31,22,31
"87",2017,"Kluane",28,"PC17SP2",226,191,"Salix pulchra",26,26,24,25.3333333333333
"88",2017,"Kluane",81,"PC17SP4",256,191,"Salix pulchra",62,75,107,81.3333333333333
"89",2017,"Kluane",33,"PC17SP5",190,137,"Salix pulchra",45,43,25,37.6666666666667
"90",2017,"Kluane",49,"PC17SP6",149,91,"Salix pulchra",46,74,40,53.3333333333333
"91",2017,"Kluane",122,"PC17SP7",211,209,"Salix pulchra",144,128,163,145
"92",2017,"Kluane",83,"PC17SP9",222,131,"Salix pulchra",56,64,51,57
"93",2017,"Kluane",22,"PC17SP10",62,51,"Salix pulchra",57,50,50,52.3333333333333
"94",2017,"Kluane",90,"PP17SP11",107,128,"Salix pulchra",98,106,86,96.6666666666667
"95",2017,"Kluane",58,"PP17SP13",174,52,"Salix pulchra",46,44,42,44
"96",2017,"Kluane",74,"PP17SP14",148,137,"Salix pulchra",34,65,42,47
"97",2017,"Kluane",47,"PP17SP15",225,205,"Salix pulchra",43,77,80,66.6666666666667
"98",2017,"Kluane",3.5,"PC17SA3",53,42,"Salix arctica",NA,NA,NA,NA
"99",2017,"Kluane",5,"PC17SA7",46,52,"Salix arctica",NA,NA,NA,NA
"100",2017,"Kluane",6,"PC17SA8",34,66,"Salix arctica",NA,NA,NA,NA
"101",2017,"Kluane",93,"KP17SR8",157,83,"Salix richardsonii",62,67,116,81.6666666666667
"102",2017,"Kluane",57,"KP17SR9",52,57,"Salix richardsonii",74,44,49,55.6666666666667
"103",2017,"Kluane",86,"KP17SR10",200,201,"Salix richardsonii",75,63,71,69.6666666666667
"104",2017,"Kluane",65,"KP17SR11",156,133,"Salix richardsonii",193,97,81,123.666666666667
"105",2017,"Kluane",64,"KP17SR12",209,199,"Salix richardsonii",61,84,92,79
"106",2017,"Kluane",42,"KP17SR14",65,32,"Salix richardsonii",36,48,49,44.3333333333333
"107",2017,"Kluane",77,"KP17SR15",182,155,"Salix richardsonii",73,62,77,70.6666666666667
"108",2017,"Kluane",36,"KP17SP6",103,67,"Salix pulchra",42,18,28,29.3333333333333
"109",2017,"Kluane",58,"KP17SP7",47,30,"Salix pulchra",86,45,35,55.3333333333333
"110",2017,"Kluane",67,"KP17SP8",173,134,"Salix pulchra",55,39,61,51.6666666666667
"111",2017,"Kluane",25,"KP17SP10",165,122,"Salix pulchra",36,38,30,34.6666666666667
"112",2017,"Kluane",65,"KP17SP11",156,148,"Salix pulchra",56,41,63,53.3333333333333
"113",2017,"Kluane",85,"KP17SP12",185,151,"Salix pulchra",138,155,123,138.666666666667
"114",2017,"Kluane",74,"KP17SP15",182,142,"Salix pulchra",74,50,43,55.6666666666667
"115",2017,"Qikiqtaruk",29.5,"H17SP1",152,79,"Salix pulchra",31,27,26,28
"116",2017,"Qikiqtaruk",26.5,"H17SP2",131,164,"Salix pulchra",38,19,16,24.3333333333333
"117",2017,"Qikiqtaruk",28,"H17SP3",213,126,"Salix pulchra",49,40,29,39.3333333333333
"118",2017,"Qikiqtaruk",30.4,"H17SP4",204,118,"Salix pulchra",50,38,35,41
"119",2017,"Qikiqtaruk",26.5,"H17SP6",283,112,"Salix pulchra",26,26,27,26.3333333333333
"120",2017,"Qikiqtaruk",22,"H17SP7",164,77,"Salix pulchra",23,35,24,27.3333333333333
"121",2017,"Qikiqtaruk",36,"H17SP8",262,190,"Salix pulchra",35,38,29,34
"122",2017,"Qikiqtaruk",29,"H17SP9",184,143,"Salix pulchra",57,31,56,48
"123",2017,"Qikiqtaruk",29,"H17SP10",225,107,"Salix pulchra",18,30,30,26
"124",2017,"Qikiqtaruk",24,"H17SP11",197,144,"Salix pulchra",26,19,33,26
"125",2017,"Qikiqtaruk",26.5,"H17SP12",118,68,"Salix pulchra",17,17,18,17.3333333333333
"126",2017,"Qikiqtaruk",25,"H17SP13",138,108,"Salix pulchra",30,21,19,23.3333333333333
"127",2017,"Qikiqtaruk",30,"H17SP14",289,185,"Salix pulchra",27,27,25,26.3333333333333
"128",2017,"Qikiqtaruk",29,"H17SP15",175,175,"Salix pulchra",25,33,36,31.3333333333333
"129",2017,"Qikiqtaruk",28,"H17SP16",52,93,"Salix pulchra",40,22,37,33
"130",2017,"Qikiqtaruk",28,"H17SP17",112,88,"Salix pulchra",53,64,63,60
"131",2017,"Qikiqtaruk",23,"H17SP18",162,128,"Salix pulchra",109,53,32,64.6666666666667
"132",2017,"Qikiqtaruk",18,"H17SP19",215,143,"Salix pulchra",32,41,33,35.3333333333333
"133",2017,"Qikiqtaruk",29,"H17SP20",195,122,"Salix pulchra",22,17,20,19.6666666666667
"134",2017,"Qikiqtaruk",38,"H17SR1",245,169,"Salix richardsonii",24,30,23,25.6666666666667
"135",2017,"Qikiqtaruk",23,"H17SR2",204,165,"Salix richardsonii",26,15,23,21.3333333333333
"136",2017,"Qikiqtaruk",27,"H17SR3",152,132,"Salix richardsonii",38,32,15,28.3333333333333
"137",2017,"Qikiqtaruk",49,"H17SR4",NA,NA,"Salix richardsonii",33,29,32,31.3333333333333
"138",2017,"Qikiqtaruk",27,"H17SR5",500,425,"Salix richardsonii",24,17,21,20.6666666666667
"139",2017,"Qikiqtaruk",23,"H17SR6",192,167,"Salix richardsonii",21,22,31,24.6666666666667
"140",2017,"Qikiqtaruk",34,"H17SR7",184,132,"Salix richardsonii",24,26,25,25
"141",2017,"Qikiqtaruk",32,"H17SR8",305,195,"Salix richardsonii",27,21,25,24.3333333333333
"142",2017,"Qikiqtaruk",56,"H17SR9",NA,NA,"Salix richardsonii",34,41,30,35
"143",2017,"Qikiqtaruk",42,"H17SR10",186,154,"Salix richardsonii",22,17,36,25
"144",2017,"Qikiqtaruk",67,"H17SR11",NA,412,"Salix richardsonii",58,34,47,46.3333333333333
"145",2017,"Qikiqtaruk",54,"H17SR12",208,176,"Salix richardsonii",20,17,35,24
"146",2017,"Qikiqtaruk",35,"H17SR13",261,174,"Salix richardsonii",40,29,36,35
"147",2017,"Qikiqtaruk",24,"H17SR14",228,211,"Salix richardsonii",33,24,11,22.6666666666667
"148",2017,"Qikiqtaruk",38,"H17SR15",300,219,"Salix richardsonii",32,37,21,30
"149",2017,"Qikiqtaruk",59,"H17SR16",216,285,"Salix richardsonii",45,34,37,38.6666666666667
"150",2017,"Qikiqtaruk",48,"H17SR17",208,159,"Salix richardsonii",57,52,45,51.3333333333333
"151",2017,"Qikiqtaruk",72,"H17SR18",NA,NA,"Salix richardsonii",32,26,15,24.3333333333333
"152",2017,"Qikiqtaruk",43,"H17SR19",148,153,"Salix richardsonii",16,30,27,24.3333333333333
"153",2017,"Qikiqtaruk",55,"H17SR20",212,196,"Salix richardsonii",22,31,29,27.3333333333333
"154",2017,"Qikiqtaruk",52.5,"H17SR21",482,402,"Salix richardsonii",46,36,32,38
"155",2017,"Qikiqtaruk",48,"H17SR22",321,307,"Salix richardsonii",21,20,26,22.3333333333333
"156",2017,"Qikiqtaruk",46.5,"H17SR35",392,339,"Salix richardsonii",110,78,111,99.6666666666667
"157",2017,"Qikiqtaruk",41,"H17SR36",134,117,"Salix richardsonii",250,221,88,186.333333333333
"158",2017,"Qikiqtaruk",57,"H17SR37",178,139,"Salix richardsonii",92,53,70,71.6666666666667
"159",2017,"Qikiqtaruk",36,"H17SR39",128,123,"Salix richardsonii",48,30,44,40.6666666666667
"160",2017,"Qikiqtaruk",32,"H17SR40",151,124,"Salix richardsonii",24,28,24,25.3333333333333
"161",2016,"Kluane",148,"PC16PVSR1",147,103,"Salix richardsonii",NA,NA,NA,NA
"162",2016,"Kluane",124,"PC16PVSR2",154,117,"Salix richardsonii",NA,NA,NA,NA
"163",2016,"Kluane",22,"PC16PVSR3",46,62,"Salix richardsonii",NA,NA,NA,NA
"164",2016,"Kluane",174,"PC16PVSR4",183,226,"Salix richardsonii",NA,NA,NA,NA
"165",2016,"Kluane",100,"PC16PVSR5",224,137,"Salix richardsonii",NA,NA,NA,NA
"166",2016,"Kluane",108,"PC16PVSR6",215,152,"Salix richardsonii",NA,NA,NA,NA
"167",2016,"Kluane",81,"PC16PVSR7",222,108,"Salix richardsonii",NA,NA,NA,NA
"168",2016,"Kluane",76,"PC16PVSR8",235,154,"Salix richardsonii",NA,NA,NA,NA
"169",2016,"Kluane",143,"PC16PVSP1",68,163,"Salix pulchra",NA,NA,NA,NA
"170",2016,"Kluane",87,"PC16PVSP2",174,185,"Salix pulchra",NA,NA,NA,NA
"171",2016,"Kluane",109,"PC16PVSP3",44,153,"Salix pulchra",NA,NA,NA,NA
"172",2016,"Kluane",40,"PC16PVSP4",389,152,"Salix pulchra",NA,NA,NA,NA
"173",2016,"Kluane",86,"PC16PVSP5",214,236,"Salix pulchra",NA,NA,NA,NA
"174",2016,"Kluane",78,"PC16PVSP6",209,223,"Salix pulchra",NA,NA,NA,NA
"175",2016,"Kluane",67,"PC16PVSP7",168,152,"Salix pulchra",NA,NA,NA,NA
"176",2016,"Kluane",63,"PC16PVSP8",139,99,"Salix pulchra",NA,NA,NA,NA
"177",2016,"Kluane",94,"PC16PVSP9",123,143,"Salix pulchra",NA,NA,NA,NA
"178",2016,"Kluane",51,"PC16PVSP10",116,72,"Salix pulchra",NA,NA,NA,NA
"179",2016,"Kluane",12,"PC16PVSA1",45,18,"Salix arctica",NA,NA,NA,NA
"180",2016,"Kluane",111,"PC16CWSR1",330,328,"Salix richardsonii",NA,NA,NA,NA
"181",2016,"Kluane",96,"PC16CWSR2",160,131,"Salix richardsonii",NA,NA,NA,NA
"182",2016,"Kluane",83,"PC16CWSR3",174,112,"Salix richardsonii",NA,NA,NA,NA
"183",2016,"Kluane",47,"PC16CWSR4",32,36,"Salix richardsonii",NA,NA,NA,NA
"184",2016,"Kluane",38,"PC16CWSR5",102,58,"Salix richardsonii",NA,NA,NA,NA
"185",2016,"Kluane",64,"PC16CWSR7",111,68,"Salix richardsonii",NA,NA,NA,NA
"186",2016,"Kluane",52,"PC16CWSR8",41,32,"Salix richardsonii",NA,NA,NA,NA
"187",2016,"Kluane",83,"PC16CWSP2",213,256,"Salix pulchra",NA,NA,NA,NA
"188",2016,"Kluane",56,"PC16CWSP3",183,171,"Salix pulchra",NA,NA,NA,NA
"189",2016,"Kluane",67,"PC16CWSP4",242,205,"Salix pulchra",NA,NA,NA,NA
"190",2016,"Kluane",24,"PC16CWSP6",257,156,"Salix pulchra",NA,NA,NA,NA
"191",2016,"Kluane",64,"PC16CWSP7",111,68,"Salix pulchra",NA,NA,NA,NA
"192",2016,"Kluane",60,"PC16CWSP9",117,81,"Salix pulchra",NA,NA,NA,NA
"193",2016,"Kluane",51,"PC16CWSP10",124,96,"Salix pulchra",NA,NA,NA,NA
"194",2016,"Kluane",75,"PC16CESR1",181,197,"Salix richardsonii",NA,NA,NA,NA
"195",2016,"Kluane",67,"PC16CESR2",138,148,"Salix richardsonii",NA,NA,NA,NA
"196",2016,"Kluane",59,"PC16CESR3",172,178,"Salix richardsonii",NA,NA,NA,NA
"197",2016,"Kluane",46,"PC16CESR4",114,114,"Salix richardsonii",NA,NA,NA,NA
"198",2016,"Kluane",28,"PC16CESR5",28,24,"Salix richardsonii",NA,NA,NA,NA
"199",2016,"Kluane",42,"PC16CESR6",41,34,"Salix richardsonii",NA,NA,NA,NA
"200",2016,"Kluane",32,"PC16CESR7",35,33,"Salix richardsonii",NA,NA,NA,NA
"201",2016,"Kluane",41,"PC16CESR8",41,20,"Salix richardsonii",NA,NA,NA,NA
"202",2016,"Kluane",25,"PC16CESR9",70,62,"Salix richardsonii",NA,NA,NA,NA
"203",2016,"Kluane",68,"PC16CESP1",108,82,"Salix pulchra",NA,NA,NA,NA
"204",2016,"Kluane",41,"PC16CESP2",130,143,"Salix pulchra",NA,NA,NA,NA
"205",2016,"Kluane",96,"PC16CESP3",329,238,"Salix pulchra",NA,NA,NA,NA
"206",2016,"Kluane",34,"PC16CESP5",128,99,"Salix pulchra",NA,NA,NA,NA
"207",2016,"Kluane",69,"PC16CESP6",145,177,"Salix pulchra",NA,NA,NA,NA
"208",2016,"Kluane",32,"PC16CESP7",233,195,"Salix pulchra",NA,NA,NA,NA
"209",2016,"Kluane",40,"PC16CESP8",306,217,"Salix pulchra",NA,NA,NA,NA
"210",2016,"Kluane",38,"PC16CESP9",105,83,"Salix pulchra",NA,NA,NA,NA
"211",2016,"Kluane",61,"PC16CESP10",251,209,"Salix pulchra",NA,NA,NA,NA
"212",2016,"Kluane",7,"PC16CESA2",60,45,"Salix arctica",NA,NA,NA,NA
"213",2016,"Kluane",27,"PP16TSR2",54,49,"Salix richardsonii",NA,NA,NA,NA
"214",2016,"Kluane",29,"PP16TSR3",49,30,"Salix richardsonii",NA,NA,NA,NA
"215",2016,"Kluane",14,"PP16TSR4",56,35,"Salix richardsonii",NA,NA,NA,NA
"216",2016,"Kluane",36,"PP16TSR10",65,32,"Salix richardsonii",NA,NA,NA,NA
"217",2016,"Kluane",48,"PP16TSP1",162,151,"Salix pulchra",NA,NA,NA,NA
"218",2016,"Kluane",27,"PP16TSP3",168,89,"Salix pulchra",NA,NA,NA,NA
"219",2016,"Kluane",45,"PP16TSP6",131,59,"Salix pulchra",NA,NA,NA,NA
"220",2016,"Kluane",39,"PP16TSP7",152,102,"Salix pulchra",NA,NA,NA,NA
"221",2016,"Kluane",58,"PP16TSP8",141,103,"Salix pulchra",NA,NA,NA,NA
"222",2016,"Kluane",33,"PP16TSP9",226,141,"Salix pulchra",NA,NA,NA,NA
"223",2016,"Kluane",64,"PP16TSP10",104,62,"Salix pulchra",NA,NA,NA,NA
"224",2016,"Kluane",143,"KP16SR1",151,139,"Salix richardsonii",NA,NA,NA,NA
"225",2016,"Kluane",131,"KP16SR2",181,230,"Salix richardsonii",NA,NA,NA,NA
"226",2016,"Kluane",81,"KP16SR4",44,52,"Salix richardsonii",NA,NA,NA,NA
"227",2016,"Kluane",157,"KP16SR5",329,323,"Salix richardsonii",NA,NA,NA,NA
"228",2016,"Kluane",54,"KP16SR7",102,139,"Salix richardsonii",NA,NA,NA,NA
"229",2016,"Kluane",58,"KP16SR8",131,81,"Salix richardsonii",NA,NA,NA,NA
"230",2016,"Kluane",86,"KP16SR9",104,71,"Salix richardsonii",NA,NA,NA,NA
"231",2016,"Kluane",88,"KP16SR10",68,72,"Salix richardsonii",NA,NA,NA,NA
"232",2016,"Kluane",90,"KP16SR11",173,205,"Salix richardsonii",NA,NA,NA,NA
"233",2016,"Kluane",132,"KP16SR12",173,201,"Salix richardsonii",NA,NA,NA,NA
"234",2016,"Kluane",106,"KP16SR13",323,199,"Salix richardsonii",NA,NA,NA,NA
"235",2016,"Kluane",130,"KP16SR14",221,193,"Salix richardsonii",NA,NA,NA,NA
"236",2016,"Kluane",64,"KP16SR15",100,83,"Salix richardsonii",NA,NA,NA,NA
"237",2016,"Kluane",42,"KP16SR17",62,47,"Salix richardsonii",NA,NA,NA,NA
"238",2016,"Kluane",16,"KP16SR18",311,262,"Salix richardsonii",NA,NA,NA,NA
"239",2016,"Kluane",81,"KP16SR19",191,180,"Salix richardsonii",NA,NA,NA,NA
"240",2016,"Kluane",112,"KP16SR20",326,295,"Salix richardsonii",NA,NA,NA,NA
"241",2016,"Kluane",91,"KP16SR21",321,307,"Salix richardsonii",NA,NA,NA,NA
"242",2016,"Kluane",94,"KP16SR22",152,149,"Salix richardsonii",NA,NA,NA,NA
"243",2016,"Kluane",104,"KP16SR23",241,248,"Salix richardsonii",NA,NA,NA,NA
"244",2016,"Kluane",98,"KP16SR24",300,278,"Salix richardsonii",NA,NA,NA,NA
"245",2016,"Kluane",43,"KP16SR25",107,101,"Salix richardsonii",NA,NA,NA,NA
"246",2016,"Kluane",87,"KP16SR26",124,130,"Salix richardsonii",NA,NA,NA,NA
"247",2016,"Kluane",102,"KP16SR27",168,125,"Salix richardsonii",NA,NA,NA,NA
"248",2016,"Kluane",74,"KP16SR28",101,93,"Salix richardsonii",NA,NA,NA,NA
"249",2016,"Kluane",86,"KP16SR29",167,137,"Salix richardsonii",NA,NA,NA,NA
"250",2016,"Kluane",95,"KP16SR30",188,98,"Salix richardsonii",NA,NA,NA,NA
"251",2016,"Kluane",106,"KP16SR31",208,221,"Salix richardsonii",NA,NA,NA,NA
"252",2016,"Kluane",97,"KP16SR32",222,247,"Salix richardsonii",NA,NA,NA,NA
"253",2016,"Kluane",78,"KP16SR33",179,152,"Salix richardsonii",NA,NA,NA,NA
"254",2016,"Kluane",71,"KP16SR34",158,122,"Salix richardsonii",NA,NA,NA,NA
"255",2016,"Kluane",72,"KP16SR35",170,160,"Salix richardsonii",NA,NA,NA,NA
"256",2016,"Kluane",83,"KP16SR36",130,77,"Salix richardsonii",NA,NA,NA,NA
"257",2016,"Kluane",127,"KP16SR37",157,101,"Salix richardsonii",NA,NA,NA,NA
"258",2016,"Kluane",86,"KP16SR38",191,173,"Salix richardsonii",NA,NA,NA,NA
"259",2016,"Kluane",86,"KP16SR39",175,119,"Salix richardsonii",NA,NA,NA,NA
"260",2016,"Kluane",181,"KP16SP1",366,405,"Salix pulchra",NA,NA,NA,NA
"261",2016,"Kluane",83,"KP16SP2",170,115,"Salix pulchra",NA,NA,NA,NA
"262",2016,"Kluane",133,"KP16SP5",224,192,"Salix pulchra",NA,NA,NA,NA
"263",2016,"Kluane",107,"KP16SP7",266,158,"Salix pulchra",NA,NA,NA,NA
"264",2016,"Kluane",104,"KP16SP8",323,144,"Salix pulchra",NA,NA,NA,NA
"265",2016,"Kluane",129,"KP16SP10",166,178,"Salix pulchra",NA,NA,NA,NA
"266",2016,"Kluane",209,"KP16SP11",577,727,"Salix pulchra",NA,NA,NA,NA
"267",2016,"Kluane",147,"KP16SP12",214,206,"Salix pulchra",NA,NA,NA,NA
"268",2016,"Kluane",131,"KP16SP13",356,367,"Salix pulchra",NA,NA,NA,NA
"269",2016,"Kluane",73,"KP16SP14",218,238,"Salix pulchra",NA,NA,NA,NA
"270",2016,"Kluane",152,"KP16SP15",390,303,"Salix pulchra",NA,NA,NA,NA
"271",2016,"Kluane",113,"KP16SP16",269,166,"Salix pulchra",NA,NA,NA,NA
"272",2016,"Kluane",173,"KP16SP17",257,330,"Salix pulchra",NA,NA,NA,NA
"273",2016,"Kluane",82,"KP16SP18",195,173,"Salix pulchra",NA,NA,NA,NA
"274",2016,"Kluane",126,"KP16SP19",232,199,"Salix pulchra",NA,NA,NA,NA
"275",2016,"Kluane",92,"KP16SP20",245,174,"Salix pulchra",NA,NA,NA,NA
"276",2016,"Kluane",80,"KP16SP21",172,188,"Salix pulchra",NA,NA,NA,NA
"277",2016,"Kluane",85,"KP16SP22",178,168,"Salix pulchra",NA,NA,NA,NA
"278",2016,"Kluane",98,"KP16SP23",261,274,"Salix pulchra",NA,NA,NA,NA
"279",2016,"Kluane",111,"KP16SP24",352,354,"Salix pulchra",NA,NA,NA,NA
"280",2016,"Kluane",98,"KP16SP25",328,292,"Salix pulchra",NA,NA,NA,NA
"281",2016,"Kluane",71,"KP16SP27",166,155,"Salix pulchra",NA,NA,NA,NA
"282",2016,"Kluane",72,"KP16SP28",370,306,"Salix pulchra",NA,NA,NA,NA
"283",2016,"Kluane",90,"KP16SP29",189,79,"Salix pulchra",NA,NA,NA,NA
"284",2016,"Kluane",66,"KP16SP31",300,246,"Salix pulchra",NA,NA,NA,NA
"285",2016,"Kluane",55,"KP16SP32",121,146,"Salix pulchra",NA,NA,NA,NA
"286",2016,"Kluane",91,"KP16SP33",158,85,"Salix pulchra",NA,NA,NA,NA
"287",2016,"Kluane",75,"KP16SP34",125,94,"Salix pulchra",NA,NA,NA,NA
"288",2016,"Kluane",60,"KP16SP35",170,182,"Salix pulchra",NA,NA,NA,NA
"289",2016,"Kluane",51,"KP16SP37",111,102,"Salix pulchra",NA,NA,NA,NA
"290",2016,"Kluane",71,"KP16SP38",121,110,"Salix pulchra",NA,NA,NA,NA
"291",2016,"Kluane",92,"KP16SP40",367,298,"Salix pulchra",NA,NA,NA,NA
"292",2016,"Kluane",4,"KP16SA1",37,25,"Salix arctica",NA,NA,NA,NA
"293",2016,"Kluane",5,"KP16SA3",50,43,"Salix arctica",NA,NA,NA,NA
"294",2016,"Kluane",6.5,"KP16SA4",54,32,"Salix arctica",NA,NA,NA,NA
"295",2016,"Kluane",6,"KP16SA5",45,61,"Salix arctica",NA,NA,NA,NA
"296",2016,"Kluane",5,"KP16SA6",55,40,"Salix arctica",NA,NA,NA,NA
"297",2016,"Kluane",6,"KP16SA8",57,50,"Salix arctica",NA,NA,NA,NA
"298",2016,"Kluane",5,"KP16SA9",55,37,"Salix arctica",NA,NA,NA,NA
"299",2016,"Kluane",6,"KP16SA11",62,41,"Salix arctica",NA,NA,NA,NA
"300",2016,"Kluane",4.5,"KP16SA13",50,23,"Salix arctica",NA,NA,NA,NA
"301",2016,"Kluane",7,"KP16SA14",41,35,"Salix arctica",NA,NA,NA,NA
"302",2016,"Kluane",4.5,"KP16SA15",53,40,"Salix arctica",NA,NA,NA,NA
"303",2016,"Kluane",5,"KP16SA16",68,25,"Salix arctica",NA,NA,NA,NA
"304",2016,"Kluane",6,"KP16SA18",7.2,42,"Salix arctica",NA,NA,NA,NA
"305",2016,"Qikiqtaruk",23,"HE16SP1",39,27,"Salix pulchra",NA,NA,NA,NA
"306",2016,"Qikiqtaruk",26,"HE16SP2",39,27,"Salix pulchra",NA,NA,NA,NA
"307",2016,"Qikiqtaruk",24,"HE16SP3",36,26,"Salix pulchra",NA,NA,NA,NA
"308",2016,"Qikiqtaruk",35,"HE16SP4",43,47,"Salix pulchra",NA,NA,NA,NA
"309",2016,"Qikiqtaruk",29,"HE16SP5",55,51,"Salix pulchra",NA,NA,NA,NA
"310",2016,"Qikiqtaruk",71,"HE16SP6",496,404,"Salix pulchra",NA,NA,NA,NA
"311",2016,"Qikiqtaruk",55,"HE16SP7",NA,NA,"Salix pulchra",NA,NA,NA,NA
"312",2016,"Qikiqtaruk",34,"HE16SP8",184,170,"Salix pulchra",NA,NA,NA,NA
"313",2016,"Qikiqtaruk",53,"HE16SP9",222,170,"Salix pulchra",NA,NA,NA,NA
"314",2016,"Qikiqtaruk",40,"HE16SP10",232,227,"Salix pulchra",NA,NA,NA,NA
"315",2016,"Qikiqtaruk",17,"HE16SP12",40,47,"Salix pulchra",40,38,NA,NA
"316",2016,"Qikiqtaruk",23,"HE16SP13",100,59,"Salix pulchra",30,21,NA,NA
"317",2016,"Qikiqtaruk",19,"HE16SP15",111,72,"Salix pulchra",35,15,NA,NA
"318",2016,"Qikiqtaruk",21,"HE16SP16",194,153,"Salix pulchra",54,53,NA,NA
"319",2016,"Qikiqtaruk",28.5,"HE16SP17",188,155,"Salix pulchra",40,42,NA,NA
"320",2016,"Qikiqtaruk",39,"HE16SP18",281,175,"Salix pulchra",49,76,NA,NA
"321",2016,"Qikiqtaruk",13,"HE16SP19",59,46,"Salix pulchra",105,57,NA,NA
"322",2016,"Qikiqtaruk",26.5,"HE16SP20",230,130,"Salix pulchra",22,26,NA,NA
"323",2016,"Qikiqtaruk",6,"HE16SA2",NA,NA,"Salix arctica",NA,NA,NA,NA
"324",2016,"Qikiqtaruk",124,"HE16SR11",NA,764,"Salix richardsonii",121,100,NA,NA
"325",2016,"Qikiqtaruk",68,"HE16SR12",427,237,"Salix richardsonii",105,50,NA,NA
"326",2016,"Qikiqtaruk",70,"HE16SR13",491,284,"Salix richardsonii",60,71,NA,NA
"327",2016,"Qikiqtaruk",34,"HE16SR14",206,147,"Salix richardsonii",30,24,NA,NA
"328",2016,"Qikiqtaruk",38,"HE16SR15",232,150,"Salix richardsonii",24,25,NA,NA
"329",2016,"Qikiqtaruk",67,"HE16SR16",331,220,"Salix richardsonii",95,48,NA,NA
"330",2016,"Qikiqtaruk",65,"HE16SR17",229,221,"Salix richardsonii",65,63,NA,NA
"331",2016,"Qikiqtaruk",59,"HE16SR18",183,155,"Salix richardsonii",270,277,NA,NA
"332",2016,"Qikiqtaruk",62,"HE16SR19",403,624,"Salix richardsonii",172,151,NA,NA
"333",2016,"Qikiqtaruk",33,"HE16SR20",132,188,"Salix richardsonii",61,67,NA,NA
"334",2016,"Qikiqtaruk",8,"HE16SA6",60,19,"Salix arctica",NA,NA,NA,NA
"335",2016,"Qikiqtaruk",11,"HE16SA7",56,27,"Salix arctica",NA,NA,NA,NA
"336",2016,"Qikiqtaruk",6,"HE16SA10",40,66,"Salix arctica",NA,NA,NA,NA
"337",2016,"Qikiqtaruk",39,"HE16SP21",217,277,"Salix pulchra",124,49,NA,NA
"338",2016,"Qikiqtaruk",55,"HE16SP23",1005,462,"Salix pulchra",112,103,NA,NA
"339",2016,"Qikiqtaruk",77,"HE16SP24",515,306,"Salix pulchra",205,66,NA,NA
"340",2016,"Qikiqtaruk",83,"HE16SP25",238,283,"Salix pulchra",81,137,NA,NA
"341",2016,"Qikiqtaruk",91,"HE16SP26",367,568,"Salix pulchra",109,88,NA,NA
"342",2016,"Qikiqtaruk",39,"HE16SP27",141,89,"Salix pulchra",31,38,NA,NA
"343",2016,"Qikiqtaruk",35,"HE16SP28",NA,NA,"Salix pulchra",79,38,NA,NA
"344",2016,"Qikiqtaruk",53,"HE16SP29",652,426,"Salix pulchra",166,156,NA,NA
"345",2016,"Qikiqtaruk",52,"HE16SP30",428,402,"Salix pulchra",181,260,NA,NA
"346",2016,"Qikiqtaruk",69,"HE16SR21",115,95,"Salix richardsonii",NA,NA,NA,NA
"347",2016,"Qikiqtaruk",77,"HE16SR22",120,109,"Salix richardsonii",NA,NA,NA,NA
"348",2016,"Qikiqtaruk",62,"HE16SR23",157,128,"Salix richardsonii",NA,NA,NA,NA
"349",2016,"Qikiqtaruk",29,"HE16SR25",68,80,"Salix richardsonii",NA,NA,NA,NA
"350",2016,"Qikiqtaruk",35,"HE16SR26",110,40,"Salix richardsonii",NA,NA,NA,NA
"351",2016,"Qikiqtaruk",25,"HE16SR27",127,161,"Salix richardsonii",NA,NA,NA,NA
"352",2016,"Qikiqtaruk",30,"HE16SR28",106,82,"Salix richardsonii",NA,NA,NA,NA
"353",2016,"Qikiqtaruk",38,"HE16SR29",126,95,"Salix richardsonii",NA,NA,NA,NA
"354",2016,"Qikiqtaruk",8,"HE16SA11",44,29,"Salix arctica",NA,NA,NA,NA
"355",2016,"Qikiqtaruk",12,"HE16SA12",54,44,"Salix arctica",NA,NA,NA,NA
"356",2016,"Qikiqtaruk",8.5,"HE16SA13",44,69,"Salix arctica",NA,NA,NA,NA
"357",2016,"Qikiqtaruk",12,"HE16SA14",39,35,"Salix arctica",NA,NA,NA,NA
"358",2016,"Kluane",106,"KP16SP41",179,73,"Salix pulchra",151,145,NA,NA
"359",2016,"Kluane",99.5,"KP16SP42",248,251,"Salix pulchra",121,140,NA,NA
"360",2016,"Kluane",73,"KP16SP43",251,162,"Salix pulchra",87,263,NA,NA
"361",2016,"Kluane",127,"KP16SP44",256,191,"Salix pulchra",65,115,NA,NA
"362",2016,"Kluane",93,"KP16SP45",185,154,"Salix pulchra",135,141,NA,NA
"363",2016,"Kluane",140,"KP16SP46",276,273,"Salix pulchra",12.6,18.7,NA,NA
"364",2016,"Kluane",108,"KP16SP47",279,190,"Salix pulchra",13.3,13.2,NA,NA
"365",2016,"Kluane",52,"KP16SP48",118,107,"Salix pulchra",8,13.7,NA,NA
"366",2016,"Kluane",101,"KP16SP49",310,226,"Salix pulchra",12.3,7.4,NA,NA
"367",2016,"Kluane",58,"KP16SP50",132,212,"Salix pulchra",16.6,13.9,NA,NA
"368",2016,"Kluane",150,"KP16SP51",146,121,"Salix pulchra",121,85,NA,NA
"369",2016,"Kluane",37,"KP16SP52",193,97,"Salix pulchra",110,140,NA,NA
"370",2016,"Kluane",112,"KP16SP53",264,257,"Salix pulchra",136,148,NA,NA
"371",2016,"Kluane",107,"KP16SP56",159,148,"Salix pulchra",8,3.1,NA,NA
"372",2016,"Kluane",47,"KP16SP57",184,184,"Salix pulchra",7.2,7.5,NA,NA
"373",2016,"Kluane",41,"KP16SP59",146,102,"Salix pulchra",3.9,5.5,NA,NA
"374",2016,"Kluane",87,"KP16SP60",354,338,"Salix pulchra",9.8,13.4,NA,NA
"375",2016,"Kluane",141,"KP16SR41",102,81,"Salix richardsonii",131,142,NA,NA
"376",2016,"Kluane",108,"KP16SR42",154,186,"Salix richardsonii",119,138,NA,NA
"377",2016,"Kluane",111,"KP16SR43",272,250,"Salix richardsonii",132,162,NA,NA
"378",2016,"Kluane",66,"KP16SR44",222,187,"Salix richardsonii",207,109,NA,NA
"379",2016,"Kluane",76,"KP16SR45",206,207,"Salix richardsonii",96,105,NA,NA
"380",2016,"Kluane",124.5,"KP16SR46",245,193,"Salix richardsonii",14.5,14.5,NA,NA
"381",2016,"Kluane",116,"KP16SR47",193,179,"Salix richardsonii",9.4,15.6,NA,NA
"382",2016,"Kluane",61,"KP16SR48",54,37,"Salix richardsonii",8.4,7.2,NA,NA
"383",2016,"Kluane",88,"KP16SR49",213,198,"Salix richardsonii",10.1,10.9,NA,NA
"384",2016,"Kluane",143,"KP16SR50",165,215,"Salix richardsonii",11.5,13.1,NA,NA
"385",2016,"Kluane",67,"KP16SR51",142,115,"Salix richardsonii",101,138,NA,NA
"386",2016,"Kluane",71,"KP16SR52",145,104,"Salix richardsonii",115,133,NA,NA
"387",2016,"Kluane",92,"KP16SR53",248,218,"Salix richardsonii",71,56,NA,NA
"388",2016,"Kluane",66,"KP16SR54",123,114,"Salix richardsonii",165,183,NA,NA
"389",2016,"Kluane",44,"KP16SR55",102,65,"Salix richardsonii",90,96,NA,NA
"390",2016,"Kluane",102,"KP16SR56",189,197,"Salix richardsonii",12.2,12.1,NA,NA
"391",2016,"Kluane",70,"KP16SR57",122,95,"Salix richardsonii",9.6,4,NA,NA
"392",2016,"Kluane",54,"KP16SR58",104,84,"Salix richardsonii",4.4,5.5,NA,NA
"393",2016,"Kluane",96,"KP16SR59",119,66,"Salix richardsonii",4.3,6.1,NA,NA
"394",2016,"Kluane",71,"KP16SR60",175,162,"Salix richardsonii",14.3,9.2,NA,NA
"395",2015,"Kluane",17.1,"K15PSA1",68,NA,"Salix arctica",NA,NA,NA,NA
"396",2015,"Kluane",23,"K15PSA10",63,NA,"Salix arctica",NA,NA,NA,NA
"397",2015,"Kluane",20.5,"K15PSA14",167,NA,"Salix arctica",NA,NA,NA,NA
"398",2015,"Kluane",23,"K15PSA15",137,NA,"Salix arctica",NA,NA,NA,NA
"399",2015,"Kluane",17.6,"K15PSA3",64,NA,"Salix arctica",NA,NA,NA,NA
"400",2015,"Kluane",23.5,"K15PSA4",31.4,NA,"Salix arctica",NA,NA,NA,NA
"401",2015,"Kluane",17.4,"K15PSA5",37,NA,"Salix arctica",NA,NA,NA,NA
"402",2015,"Kluane",20.5,"K15PSA7",46,NA,"Salix arctica",NA,NA,NA,NA
"403",2015,"Qikiqtaruk",7,"H15SA10",NA,NA,"Salix arctica",NA,NA,NA,NA
"404",2015,"Qikiqtaruk",7,"H15SA6",NA,NA,"Salix arctica",NA,NA,NA,NA
"405",2015,"Qikiqtaruk",8.5,"H15SA7",NA,NA,"Salix arctica",NA,NA,NA,NA
"406",2015,"Qikiqtaruk",9,"H15SA8",NA,NA,"Salix arctica",NA,NA,NA,NA
"407",2015,"Qikiqtaruk",6,"H15SA9",NA,NA,"Salix arctica",NA,NA,NA,NA
"408",2015,"Qikiqtaruk",7,"H15SA3",NA,NA,"Salix arctica",NA,NA,NA,NA
"409",2015,"Qikiqtaruk",4,"H15SA4",NA,NA,"Salix arctica",NA,NA,NA,NA
"410",2015,"Qikiqtaruk",13,"H15SA5",NA,NA,"Salix arctica",NA,NA,NA,NA
"411",2015,"Qikiqtaruk",16,"H15SP1",NA,NA,"Salix pulchra",NA,NA,NA,NA
"412",2015,"Qikiqtaruk",35,"H15SP10",NA,NA,"Salix pulchra",NA,NA,NA,NA
"413",2015,"Qikiqtaruk",25,"H15SP11",NA,NA,"Salix pulchra",NA,NA,NA,NA
"414",2015,"Qikiqtaruk",38,"H15SP12",NA,NA,"Salix pulchra",NA,NA,NA,NA
"415",2015,"Qikiqtaruk",33,"H15SP13",NA,NA,"Salix pulchra",NA,NA,NA,NA
"416",2015,"Qikiqtaruk",38,"H15SP14",NA,NA,"Salix pulchra",NA,NA,NA,NA
"417",2015,"Qikiqtaruk",28,"H15SP15",NA,NA,"Salix pulchra",NA,NA,NA,NA
"418",2015,"Qikiqtaruk",24,"H15SP16",NA,NA,"Salix pulchra",NA,NA,NA,NA
"419",2015,"Qikiqtaruk",43,"H15SP17",NA,NA,"Salix pulchra",NA,NA,NA,NA
"420",2015,"Qikiqtaruk",35,"H15SP18",NA,NA,"Salix pulchra",NA,NA,NA,NA
"421",2015,"Qikiqtaruk",47,"H15SP19",NA,NA,"Salix pulchra",NA,NA,NA,NA
"422",2015,"Qikiqtaruk",21,"H15SP2",NA,NA,"Salix pulchra",NA,NA,NA,NA
"423",2015,"Qikiqtaruk",25,"H15SP20",NA,NA,"Salix pulchra",NA,NA,NA,NA
"424",2015,"Qikiqtaruk",30,"H15SP21",NA,NA,"Salix pulchra",NA,NA,NA,NA
"425",2015,"Qikiqtaruk",42,"H15SP22",NA,NA,"Salix pulchra",NA,NA,NA,NA
"426",2015,"Qikiqtaruk",26,"H15SP23",NA,NA,"Salix pulchra",NA,NA,NA,NA
"427",2015,"Qikiqtaruk",24,"H15SP24",NA,NA,"Salix pulchra",NA,NA,NA,NA
"428",2015,"Qikiqtaruk",24,"H15SP25",NA,NA,"Salix pulchra",NA,NA,NA,NA
"429",2015,"Qikiqtaruk",29,"H15SP26",NA,NA,"Salix pulchra",NA,NA,NA,NA
"430",2015,"Qikiqtaruk",24,"H15SP27",NA,NA,"Salix pulchra",NA,NA,NA,NA
"431",2015,"Qikiqtaruk",19,"H15SP28",NA,NA,"Salix pulchra",NA,NA,NA,NA
"432",2015,"Qikiqtaruk",32,"H15SP29",NA,NA,"Salix pulchra",NA,NA,NA,NA
"433",2015,"Qikiqtaruk",29,"H15SP3",NA,NA,"Salix pulchra",NA,NA,NA,NA
"434",2015,"Qikiqtaruk",26,"H15SP30",NA,NA,"Salix pulchra",NA,NA,NA,NA
"435",2015,"Qikiqtaruk",23,"H15SP4",NA,NA,"Salix pulchra",NA,NA,NA,NA
"436",2015,"Qikiqtaruk",13,"H15SP5",NA,NA,"Salix pulchra",NA,NA,NA,NA
"437",2015,"Qikiqtaruk",22,"H15SP6",NA,NA,"Salix pulchra",NA,NA,NA,NA
"438",2015,"Qikiqtaruk",39,"H15SP7",NA,NA,"Salix pulchra",NA,NA,NA,NA
"439",2015,"Qikiqtaruk",21,"H15SP8",NA,NA,"Salix pulchra",NA,NA,NA,NA
"440",2015,"Qikiqtaruk",22,"H15SP9",NA,NA,"Salix pulchra",NA,NA,NA,NA
"441",2015,"Qikiqtaruk",73.5,"H15SR1",372,NA,"Salix richardsonii",NA,NA,NA,NA
"442",2015,"Qikiqtaruk",42,"H15SR10",209,NA,"Salix richardsonii",NA,NA,NA,NA
"443",2015,"Qikiqtaruk",26,"H15SR11",157,NA,"Salix richardsonii",NA,NA,NA,NA
"444",2015,"Qikiqtaruk",36,"H15SR12",280,NA,"Salix richardsonii",NA,NA,NA,NA
"445",2015,"Qikiqtaruk",22,"H15SR13",226,NA,"Salix richardsonii",NA,NA,NA,NA
"446",2015,"Qikiqtaruk",26,"H15SR14",160,NA,"Salix richardsonii",NA,NA,NA,NA
"447",2015,"Qikiqtaruk",42,"H15SR15",340,NA,"Salix richardsonii",NA,NA,NA,NA
"448",2015,"Qikiqtaruk",54,"H15SR16",348,NA,"Salix richardsonii",NA,NA,NA,NA
"449",2015,"Qikiqtaruk",59,"H15SR17",281,NA,"Salix richardsonii",NA,NA,NA,NA
"450",2015,"Qikiqtaruk",54,"H15SR18",NA,NA,"Salix richardsonii",NA,NA,NA,NA
"451",2015,"Qikiqtaruk",38,"H15SR19",181,NA,"Salix richardsonii",NA,NA,NA,NA
"452",2015,"Qikiqtaruk",45,"H15SR2",380,NA,"Salix richardsonii",NA,NA,NA,NA
"453",2015,"Qikiqtaruk",36,"H15SR20",201,NA,"Salix richardsonii",NA,NA,NA,NA
"454",2015,"Qikiqtaruk",48,"H15SR21",193,NA,"Salix richardsonii",NA,NA,NA,NA
"455",2015,"Qikiqtaruk",34,"H15SR22",380,NA,"Salix richardsonii",NA,NA,NA,NA
"456",2015,"Qikiqtaruk",31,"H15SR23",379,NA,"Salix richardsonii",NA,NA,NA,NA
"457",2015,"Qikiqtaruk",44,"H15SR24",NA,NA,"Salix richardsonii",NA,NA,NA,NA
"458",2015,"Qikiqtaruk",40,"H15SR25",208,NA,"Salix richardsonii",NA,NA,NA,NA
"459",2015,"Qikiqtaruk",59,"H15SR26",412,NA,"Salix richardsonii",NA,NA,NA,NA
"460",2015,"Qikiqtaruk",41,"H15SR27",178,NA,"Salix richardsonii",NA,NA,NA,NA
"461",2015,"Qikiqtaruk",48,"H15SR28",229,NA,"Salix richardsonii",NA,NA,NA,NA
"462",2015,"Qikiqtaruk",51,"H15SR29",400,NA,"Salix richardsonii",NA,NA,NA,NA
"463",2015,"Qikiqtaruk",40,"H15SR3",161,NA,"Salix richardsonii",NA,NA,NA,NA
"464",2015,"Qikiqtaruk",39,"H15SR30",106,NA,"Salix richardsonii",NA,NA,NA,NA
"465",2015,"Qikiqtaruk",33,"H15SR4",327,NA,"Salix richardsonii",NA,NA,NA,NA
"466",2015,"Qikiqtaruk",44,"H15SR5",366,NA,"Salix richardsonii",NA,NA,NA,NA
"467",2015,"Qikiqtaruk",48,"H15SR6",208,NA,"Salix richardsonii",NA,NA,NA,NA
"468",2015,"Qikiqtaruk",29,"H15SR7",218,NA,"Salix richardsonii",NA,NA,NA,NA
"469",2015,"Qikiqtaruk",59,"H15SR8",261,NA,"Salix richardsonii",NA,NA,NA,NA
"470",2015,"Qikiqtaruk",31,"H15SR9",246,NA,"Salix richardsonii",NA,NA,NA,NA
"471",2015,"Kluane",84,"K15PSP10",196,NA,"Salix pulchra",NA,NA,NA,NA
"472",2015,"Kluane",73,"K15PSP6",161,NA,"Salix pulchra",NA,NA,NA,NA
"473",2015,"Kluane",44,"K15PSP7",68,NA,"Salix pulchra",NA,NA,NA,NA
"474",2015,"Kluane",69,"K15PSP8",142,NA,"Salix pulchra",NA,NA,NA,NA
"475",2015,"Kluane",78,"K15PSP9",150,NA,"Salix pulchra",NA,NA,NA,NA
"476",2015,"Kluane",44,"KPSP11",155,NA,"Salix pulchra",NA,NA,NA,NA
"477",2015,"Kluane",76,"KPSP12",304,NA,"Salix pulchra",NA,NA,NA,NA
"478",2015,"Kluane",76,"KPSP13",178,NA,"Salix pulchra",NA,NA,NA,NA
"479",2015,"Kluane",137,"KPSP14",197,NA,"Salix pulchra",NA,NA,NA,NA
"480",2015,"Kluane",132,"KPSP15",253,NA,"Salix pulchra",NA,NA,NA,NA
"481",2015,"Kluane",81,"K15PSR10",1981,NA,"Salix richardsonii",NA,NA,NA,NA
"482",2015,"Kluane",63,"K15PSR11",165,NA,"Salix richardsonii",NA,NA,NA,NA
"483",2015,"Kluane",48,"K15PSR12",167,NA,"Salix richardsonii",NA,NA,NA,NA
"484",2015,"Kluane",71,"K15PSR14",171,NA,"Salix richardsonii",NA,NA,NA,NA
"485",2015,"Kluane",88,"K15PSR6",306,NA,"Salix richardsonii",NA,NA,NA,NA
"486",2015,"Kluane",78,"K15PSR8",167,NA,"Salix richardsonii",NA,NA,NA,NA
"487",2015,"Kluane",72,"K15PSR9",212,NA,"Salix richardsonii",NA,NA,NA,NA
"488",2015,"Kluane",34,"K15SSR1",46,NA,"Salix richardsonii",NA,NA,NA,NA
"489",2015,"Kluane",49,"K15SSR2",127,NA,"Salix richardsonii",NA,NA,NA,NA
"490",2015,"Kluane",76,"K15SSR3",167,NA,"Salix richardsonii",NA,NA,NA,NA
"491",2015,"Kluane",58,"K15SSR4",106,NA,"Salix richardsonii",NA,NA,NA,NA
"492",2015,"Kluane",28,"K15SSR5",64,NA,"Salix richardsonii",NA,NA,NA,NA
"493",2015,"Kluane",66,"K15SSR6",185,NA,"Salix richardsonii",NA,NA,NA,NA
"494",2015,"Kluane",71,"K15SSR7",117,NA,"Salix richardsonii",NA,NA,NA,NA
"495",2015,"Kluane",51,"K15SSR9",129,NA,"Salix richardsonii",NA,NA,NA,NA
"496",2015,"Kluane",47,"K15ESP1",290,NA,"Salix pulchra",NA,NA,NA,NA
"497",2015,"Kluane",47,"K15ESP10",247,NA,"Salix pulchra",NA,NA,NA,NA
"498",2015,"Kluane",49,"K15ESP2",345,NA,"Salix pulchra",NA,NA,NA,NA
"499",2015,"Kluane",58,"K15ESP3",177,NA,"Salix pulchra",NA,NA,NA,NA
"500",2015,"Kluane",58,"K15ESP4",193,NA,"Salix pulchra",NA,NA,NA,NA
"501",2015,"Kluane",43,"K15ESP5",259,NA,"Salix pulchra",NA,NA,NA,NA
"502",2015,"Kluane",44,"K15ESP7",202,NA,"Salix pulchra",NA,NA,NA,NA
"503",2015,"Kluane",40,"K15ESP8",258,NA,"Salix pulchra",NA,NA,NA,NA
"504",2015,"Kluane",28,"K15ESP9",152,NA,"Salix pulchra",NA,NA,NA,NA
"505",2015,"Kluane",196,"K15PSP1",262,NA,"Salix pulchra",NA,NA,NA,NA
"506",2015,"Kluane",205,"K15PSP2",210,NA,"Salix pulchra",NA,NA,NA,NA
"507",2015,"Kluane",106,"K15PSP3",130,NA,"Salix pulchra",NA,NA,NA,NA
"508",2015,"Kluane",120,"K15PSP5",70,NA,"Salix pulchra",NA,NA,NA,NA
"509",2015,"Kluane",150,"K15PSR1",525,NA,"Salix richardsonii",NA,NA,NA,NA
"510",2015,"Kluane",145,"K15PSR2",440,NA,"Salix richardsonii",NA,NA,NA,NA
"511",2015,"Kluane",66,"K15PSR3",310,NA,"Salix richardsonii",NA,NA,NA,NA
"512",2015,"Kluane",188,"K15PSR4",490,NA,"Salix richardsonii",NA,NA,NA,NA
"513",2015,"Kluane",102,"K15PSR5",315,NA,"Salix richardsonii",NA,NA,NA,NA
"514",2014,"Kluane",107.4,"KP-SR 1",306.5,NA,"Salix richardsonii",NA,NA,NA,NA
"515",2014,"Kluane",136.1,"KP-SR 10",NA,NA,"Salix richardsonii",NA,NA,NA,NA
"516",2014,"Kluane",142.7,"KP-SR 2",308.1,NA,"Salix richardsonii",NA,NA,NA,NA
"517",2014,"Kluane",76.2,"KP-SR 4",226,NA,"Salix richardsonii",NA,NA,NA,NA
"518",2014,"Kluane",98.2,"KP-SR 5",146.6,NA,"Salix richardsonii",NA,NA,NA,NA
"519",2014,"Kluane",149.8,"KP-SR 6",NA,NA,"Salix richardsonii",NA,NA,NA,NA
"520",2014,"Kluane",195.5,"KP-SR 7",NA,NA,"Salix richardsonii",NA,NA,NA,NA
"521",2014,"Kluane",130.1,"KP-SR 8",266.4,NA,"Salix richardsonii",NA,NA,NA,NA
"522",2014,"Kluane",138.9,"KP-SR 9",33.16,NA,"Salix richardsonii",NA,NA,NA,NA
"523",2014,"Qikiqtaruk",42.5,"HER-SP 1",273.6,NA,"Salix pulchra",NA,NA,NA,NA
"524",2014,"Qikiqtaruk",31.9,"HER-SP 10",197,NA,"Salix pulchra",NA,NA,NA,NA
"525",2014,"Qikiqtaruk",34.1,"HER-SP 11",213.6,NA,"Salix pulchra",NA,NA,NA,NA
"526",2014,"Qikiqtaruk",37.5,"HER-SP 12",270.4,NA,"Salix pulchra",NA,NA,NA,NA
"527",2014,"Qikiqtaruk",57.2,"HER-SP 13",NA,NA,"Salix pulchra",NA,NA,NA,NA
"528",2014,"Qikiqtaruk",44.9,"HER-SP 14",NA,NA,"Salix pulchra",NA,NA,NA,NA
"529",2014,"Qikiqtaruk",33.4,"HER-SP 15",407,NA,"Salix pulchra",NA,NA,NA,NA
"530",2014,"Qikiqtaruk",55.3,"HER-SP 16",NA,NA,"Salix pulchra",NA,NA,NA,NA
"531",2014,"Qikiqtaruk",34.1,"HER-SP 17",314.5,NA,"Salix pulchra",NA,NA,NA,NA
"532",2014,"Qikiqtaruk",33.6,"HER-SP 18",292.2,NA,"Salix pulchra",NA,NA,NA,NA
"533",2014,"Qikiqtaruk",45.5,"HER-SP 19",NA,NA,"Salix pulchra",NA,NA,NA,NA
"534",2014,"Qikiqtaruk",37.5,"HER-SP 2",481.1,NA,"Salix pulchra",NA,NA,NA,NA
"535",2014,"Qikiqtaruk",39.5,"HER-SP 20",204.2,NA,"Salix pulchra",NA,NA,NA,NA
"536",2014,"Qikiqtaruk",38.1,"HER-SP 21",NA,NA,"Salix pulchra",NA,NA,NA,NA
"537",2014,"Qikiqtaruk",32.2,"HER-SP 22",307.4,NA,"Salix pulchra",NA,NA,NA,NA
"538",2014,"Qikiqtaruk",27.5,"HER-SP 23",NA,NA,"Salix pulchra",NA,NA,NA,NA
"539",2014,"Qikiqtaruk",37.2,"HER-SP 24",226,NA,"Salix pulchra",NA,NA,NA,NA
"540",2014,"Qikiqtaruk",36.8,"HER-SP 25",137.3,NA,"Salix pulchra",NA,NA,NA,NA
"541",2014,"Qikiqtaruk",43.4,"HER-SP 26",145.1,NA,"Salix pulchra",NA,NA,NA,NA
"542",2014,"Qikiqtaruk",30,"HER-SP 27",226.1,NA,"Salix pulchra",NA,NA,NA,NA
"543",2014,"Qikiqtaruk",34,"HER-SP 28",291,NA,"Salix pulchra",NA,NA,NA,NA
"544",2014,"Qikiqtaruk",27.7,"HER-SP 29",441.3,NA,"Salix pulchra",NA,NA,NA,NA
"545",2014,"Qikiqtaruk",32.3,"HER-SP 3",268,NA,"Salix pulchra",NA,NA,NA,NA
"546",2014,"Qikiqtaruk",32.9,"HER-SP 30",350.9,NA,"Salix pulchra",NA,NA,NA,NA
"547",2014,"Qikiqtaruk",31.8,"HER-SP 4",263,NA,"Salix pulchra",NA,NA,NA,NA
"548",2014,"Qikiqtaruk",31.6,"HER-SP 5",115.5,NA,"Salix pulchra",NA,NA,NA,NA
"549",2014,"Qikiqtaruk",38.4,"HER-SP 6",390,NA,"Salix pulchra",NA,NA,NA,NA
"550",2014,"Qikiqtaruk",29.9,"HER-SP 7",NA,NA,"Salix pulchra",NA,NA,NA,NA
"551",2014,"Qikiqtaruk",29.3,"HER-SP 8",291.7,NA,"Salix pulchra",NA,NA,NA,NA
"552",2014,"Qikiqtaruk",38.4,"HER-SP 9",284.3,NA,"Salix pulchra",NA,NA,NA,NA
"553",2014,"Kluane",95,"KL-SPS 1",361,NA,"Salix pulchra",NA,NA,NA,NA
"554",2014,"Kluane",51,"KL-SPS 10",200,NA,"Salix pulchra",NA,NA,NA,NA
"555",2014,"Kluane",106,"KL-SPS 12",429,NA,"Salix pulchra",NA,NA,NA,NA
"556",2014,"Kluane",53,"KL-SPS 13",293,NA,"Salix pulchra",NA,NA,NA,NA
"557",2014,"Kluane",39,"KL-SPS 14",105,NA,"Salix pulchra",NA,NA,NA,NA
"558",2014,"Kluane",67,"KL-SPS 15",130,NA,"Salix pulchra",NA,NA,NA,NA
"559",2014,"Kluane",77,"KL-SPS 16",176,NA,"Salix pulchra",NA,NA,NA,NA
"560",2014,"Kluane",61,"KL-SPS 17",196,NA,"Salix pulchra",NA,NA,NA,NA
"561",2014,"Kluane",67,"KL-SPS 18",132,NA,"Salix pulchra",NA,NA,NA,NA
"562",2014,"Kluane",93,"KL-SPS 19",208,NA,"Salix pulchra",NA,NA,NA,NA
"563",2014,"Kluane",104,"KL-SPS 2",208,NA,"Salix pulchra",NA,NA,NA,NA
"564",2014,"Kluane",51,"KL-SPS 20",123,NA,"Salix pulchra",NA,NA,NA,NA
"565",2014,"Kluane",124,"KL-SPS 3",287,NA,"Salix pulchra",NA,NA,NA,NA
"566",2014,"Kluane",87,"KL-SPS 4",324,NA,"Salix pulchra",NA,NA,NA,NA
"567",2014,"Kluane",88,"KL-SPS 5",272,NA,"Salix pulchra",NA,NA,NA,NA
"568",2014,"Kluane",66,"KL-SPS 6",202,NA,"Salix pulchra",NA,NA,NA,NA
"569",2014,"Kluane",44,"KL-SPS 7",143,NA,"Salix pulchra",NA,NA,NA,NA
"570",2014,"Kluane",50,"KL-SPS 8",146,NA,"Salix pulchra",NA,NA,NA,NA
"571",2014,"Kluane",55,"KL-SPS 9",109,NA,"Salix pulchra",NA,NA,NA,NA
"572",2014,"Kluane",73.1,"KL-SRS 1",196,NA,"Salix richardsonii",NA,NA,NA,NA
"573",2014,"Kluane",47,"KL-SRS 12",66,NA,"Salix richardsonii",NA,NA,NA,NA
"574",2014,"Kluane",54,"KL-SRS 13",185,NA,"Salix richardsonii",NA,NA,NA,NA
"575",2014,"Kluane",56,"KL-SRS 14",119,NA,"Salix richardsonii",NA,NA,NA,NA
"576",2014,"Kluane",70,"KL-SRS 15",143,NA,"Salix richardsonii",NA,NA,NA,NA
"577",2014,"Kluane",51,"KL-SRS 16",139,NA,"Salix richardsonii",NA,NA,NA,NA
"578",2014,"Kluane",62,"KL-SRS 19",176,NA,"Salix richardsonii",NA,NA,NA,NA
"579",2014,"Kluane",80.3,"KL-SRS 2",181,NA,"Salix richardsonii",NA,NA,NA,NA
"580",2014,"Kluane",61,"KL-SRS 3",143,NA,"Salix richardsonii",NA,NA,NA,NA
"581",2014,"Kluane",56.6,"KL-SRS 4",186,NA,"Salix richardsonii",NA,NA,NA,NA
"582",2014,"Kluane",57.5,"KL-SRS 5",137,NA,"Salix richardsonii",NA,NA,NA,NA
"583",2014,"Kluane",44.5,"KL-SRS 7",126,NA,"Salix richardsonii",NA,NA,NA,NA
"584",2014,"Kluane",63,"KL-SRS 8",68,NA,"Salix richardsonii",NA,NA,NA,NA
"585",2013,"Kluane",64,"KL-SRE 8",124,89,"Salix richardsonii",NA,NA,NA,NA
"586",2013,"Kluane",150,"KL-SPC 1",487,355,"Salix pulchra",NA,NA,NA,NA
"587",2013,"Kluane",150,"KL-SPC 1",487,355,"Salix pulchra",NA,NA,NA,NA
"588",2013,"Kluane",41,"KL-SPC 10",344,259,"Salix pulchra",NA,NA,NA,NA
"589",2013,"Kluane",41,"KL-SPC 10",344,259,"Salix pulchra",NA,NA,NA,NA
"590",2013,"Kluane",83,"KL-SPC 11",397,298,"Salix pulchra",NA,NA,NA,NA
"591",2013,"Kluane",97,"KL-SPC 12",419,176,"Salix pulchra",NA,NA,NA,NA
"592",2013,"Kluane",102,"KL-SPC 13",128,126,"Salix pulchra",NA,NA,NA,NA
"593",2013,"Kluane",102,"KL-SPC 13",128,126,"Salix pulchra",NA,NA,NA,NA
"594",2013,"Kluane",166,"KL-SPC 14",345,157,"Salix pulchra",NA,NA,NA,NA
"595",2013,"Kluane",111,"KL-SPC 15",490,NA,"Salix pulchra",NA,NA,NA,NA
"596",2013,"Kluane",77,"KL-SPC 2",453,223,"Salix pulchra",NA,NA,NA,NA
"597",2013,"Kluane",77,"KL-SPC 2",453,223,"Salix pulchra",NA,NA,NA,NA
"598",2013,"Kluane",118,"KL-SPC 3",447,339,"Salix pulchra",NA,NA,NA,NA
"599",2013,"Kluane",118,"KL-SPC 3",447,339,"Salix pulchra",NA,NA,NA,NA
"600",2013,"Kluane",95,"KL-SPC 4",462,155,"Salix pulchra",NA,NA,NA,NA
"601",2013,"Kluane",220,"KL-SPC 5",NA,296,"Salix pulchra",NA,NA,NA,NA
"602",2013,"Kluane",42,"KL-SPC 6",194,108,"Salix pulchra",NA,NA,NA,NA
"603",2013,"Kluane",51,"KL-SPC 7",NA,249,"Salix pulchra",NA,NA,NA,NA
"604",2013,"Kluane",62,"KL-SPC 8",466,282,"Salix pulchra",NA,NA,NA,NA
"605",2013,"Kluane",62,"KL-SPC 8",466,282,"Salix pulchra",NA,NA,NA,NA
"606",2013,"Kluane",48,"KL-SPC 9",374,354,"Salix pulchra",NA,NA,NA,NA
"607",2013,"Kluane",48,"KL-SPC 9",374,354,"Salix pulchra",NA,NA,NA,NA
"608",2013,"Kluane",163,"KL-SRC 1",275,178,"Salix richardsonii",NA,NA,NA,NA
"609",2013,"Kluane",69,"KL-SRC 10",178,237,"Salix richardsonii",NA,NA,NA,NA
"610",2013,"Kluane",137,"KL-SRC 11",327,288,"Salix richardsonii",NA,NA,NA,NA
"611",2013,"Kluane",161,"KL-SRC 12",325,394,"Salix richardsonii",NA,NA,NA,NA
"612",2013,"Kluane",138,"KL-SRC 13",202,134,"Salix richardsonii",NA,NA,NA,NA
"613",2013,"Kluane",193,"KL-SRC 14",215,149,"Salix richardsonii",NA,NA,NA,NA
"614",2013,"Kluane",178,"KL-SRC 15",510,NA,"Salix richardsonii",NA,NA,NA,NA
"615",2013,"Kluane",146,"KL-SRC 3",184,169,"Salix richardsonii",NA,NA,NA,NA
"616",2013,"Kluane",134,"KL-SRC 4",NA,201,"Salix richardsonii",NA,NA,NA,NA
"617",2013,"Kluane",118,"KL-SRC 5",156,74,"Salix richardsonii",NA,NA,NA,NA
"618",2013,"Kluane",155,"KL-SRC 7",198,178,"Salix richardsonii",NA,NA,NA,NA
"619",2013,"Kluane",38,"KL-SRC 8",112,78,"Salix richardsonii",NA,NA,NA,NA
"620",2013,"Kluane",53,"KL-SRC 9",179,134,"Salix richardsonii",NA,NA,NA,NA
"621",2013,"Kluane",58,"KL-SPE 11",128,99,"Salix pulchra",NA,NA,NA,NA
"622",2013,"Kluane",41,"KL-SPE 12",37,82,"Salix pulchra",NA,NA,NA,NA
"623",2013,"Kluane",72,"KL-SPE 14",184,140,"Salix pulchra",NA,NA,NA,NA
"624",2013,"Kluane",27,"KL-SPE 15",136,103,"Salix pulchra",NA,NA,NA,NA
"625",2013,"Kluane",46,"KL-SPE 2",227,170,"Salix pulchra",NA,NA,NA,NA
"626",2013,"Kluane",44,"KL-SPE 3",118,111,"Salix pulchra",NA,NA,NA,NA
"627",2013,"Kluane",52,"KL-SPE 4",218,173,"Salix pulchra",NA,NA,NA,NA
"628",2013,"Kluane",35,"KL-SPE 5",108,567,"Salix pulchra",NA,NA,NA,NA
"629",2013,"Kluane",37,"KL-SPE 6",54,40,"Salix pulchra",NA,NA,NA,NA
"630",2013,"Kluane",66,"KL-SPE 7",274,174,"Salix pulchra",NA,NA,NA,NA
"631",2013,"Kluane",47,"KL-SPE 8",262,148,"Salix pulchra",NA,NA,NA,NA
"632",2013,"Kluane",58,"KL-SPE 9",259,251,"Salix pulchra",NA,NA,NA,NA
"633",2013,"Kluane",43,"KL-SRE 1",145,92,"Salix richardsonii",NA,NA,NA,NA
"634",2013,"Kluane",34,"KL-SRE 11",62,56,"Salix richardsonii",NA,NA,NA,NA
"635",2013,"Kluane",36,"KL-SRE 12",46,27,"Salix richardsonii",NA,NA,NA,NA
"636",2013,"Kluane",43,"KL-SRE 13",130,89,"Salix richardsonii",NA,NA,NA,NA
"637",2013,"Kluane",35,"KL-SRE 14",62,142,"Salix richardsonii",NA,NA,NA,NA
"638",2013,"Kluane",48,"KL-SRE 15",119,69,"Salix richardsonii",NA,NA,NA,NA
"639",2013,"Kluane",49,"KL-SRE 3",48,39,"Salix richardsonii",NA,NA,NA,NA
"640",2013,"Kluane",36,"KL-SRE 5",60,42,"Salix richardsonii",NA,NA,NA,NA
"641",2021,"Kluane",193,NA,NA,NA,"Salix pulchra",NA,NA,NA,NA
"642",2021,"Kluane",144,NA,NA,NA,"Salix pulchra",NA,NA,NA,NA
"643",2021,"Kluane",98,NA,NA,NA,"Salix richardsonii",NA,NA,NA,NA
"644",2021,"Kluane",42,NA,NA,NA,"Salix pulchra",NA,NA,NA,NA
"645",2021,"Kluane",NA,NA,NA,NA,"Salix pulchra",NA,NA,NA,NA
"646",2021,"Kluane",119,NA,NA,NA,"Salix richardsonii",NA,NA,NA,NA
"647",2021,"Kluane",95,NA,NA,NA,"Salix richardsonii",NA,NA,NA,NA
"648",2021,"Kluane",136,NA,NA,NA,"Salix pulchra",NA,NA,NA,NA
"649",2021,"Kluane",159,NA,NA,NA,"Salix richardsonii",NA,NA,NA,NA
"650",2021,"Kluane",183,NA,NA,NA,"Salix pulchra",NA,NA,NA,NA
"651",2021,"Kluane",156,NA,NA,NA,"Salix richardsonii",NA,NA,NA,NA
"652",2021,"Kluane",74,NA,NA,NA,"Salix pulchra",NA,NA,NA,NA
"653",2021,"Kluane",103,NA,NA,NA,"Salix richardsonii",NA,NA,NA,NA
"654",2021,"Kluane",110,NA,NA,NA,"Salix richardsonii",NA,NA,NA,NA
"655",2021,"Kluane",92,NA,NA,NA,"Salix pulchra",NA,NA,NA,NA
"656",2021,"Kluane",130,NA,NA,NA,"Salix richardsonii",NA,NA,NA,NA
"657",2021,"Kluane",104,NA,NA,NA,"Salix richardsonii",NA,NA,NA,NA
"658",2021,"Kluane",119,NA,NA,NA,"Salix pulchra",NA,NA,NA,NA
"659",2021,"Kluane",93,NA,NA,NA,"Salix richardsonii",NA,NA,NA,NA
"660",2021,"Kluane",102,NA,NA,NA,"Salix richardsonii",NA,NA,NA,NA
"661",2021,"Kluane",8.5,NA,NA,NA,"Salix arctica",NA,NA,NA,NA
"662",2021,"Kluane",18.5,NA,NA,NA,"Salix richardsonii",NA,NA,NA,NA
"663",2021,"Kluane",6.7,NA,NA,NA,"Salix arctica",NA,NA,NA,NA
"664",2021,"Kluane",58,NA,NA,NA,"Salix richardsonii",NA,NA,NA,NA
"665",2021,"Kluane",6.8,NA,NA,NA,"Salix arctica",NA,NA,NA,NA
"666",2021,"Kluane",69,NA,NA,NA,"Salix richardsonii",NA,NA,NA,NA
"667",2014,"Kluane",2.3,NA,NA,NA,"Salix arctica",NA,NA,NA,NA
"668",2014,"Kluane",3,NA,NA,NA,"Salix arctica",NA,NA,NA,NA
"669",2014,"Kluane",4,NA,NA,NA,"Salix arctica",NA,NA,NA,NA
"670",2014,"Kluane",1.9,NA,NA,NA,"Salix arctica",NA,NA,NA,NA
"671",2014,"Kluane",2.6,NA,NA,NA,"Salix arctica",NA,NA,NA,NA
"672",2014,"Kluane",4.5,NA,NA,NA,"Salix arctica",NA,NA,NA,NA
"673",2014,"Kluane",2.9,NA,NA,NA,"Salix arctica",NA,NA,NA,NA
"674",2014,"Kluane",4.1,NA,NA,NA,"Salix arctica",NA,NA,NA,NA
"675",2014,"Kluane",5.8,NA,NA,NA,"Salix arctica",NA,NA,NA,NA
"676",2014,"Kluane",6.4,NA,NA,NA,"Salix arctica",NA,NA,NA,NA
"677",2015,"Qikiqtaruk",8,NA,NA,NA,"Salix arctica",NA,NA,NA,NA
"678",2015,"Qikiqtaruk",9.8,NA,NA,NA,"Salix arctica",NA,NA,NA,NA
"679",2015,"Qikiqtaruk",6.1,NA,NA,NA,"Salix arctica",NA,NA,NA,NA
"680",2015,"Qikiqtaruk",4.4,NA,NA,NA,"Salix arctica",NA,NA,NA,NA
"681",2015,"Qikiqtaruk",16.2,NA,NA,NA,"Salix arctica",NA,NA,NA,NA
"682",2015,"Qikiqtaruk",8.1,NA,NA,NA,"Salix arctica",NA,NA,NA,NA
"683",2015,"Qikiqtaruk",16.4,NA,NA,NA,"Salix arctica",NA,NA,NA,NA
"684",2015,"Qikiqtaruk",9.2,NA,NA,NA,"Salix arctica",NA,NA,NA,NA
"685",2015,"Qikiqtaruk",11.6,NA,NA,NA,"Salix arctica",NA,NA,NA,NA
"686",2015,"Qikiqtaruk",18.8,NA,NA,NA,"Salix arctica",NA,NA,NA,NA
"687",2015,"Qikiqtaruk",14,NA,NA,NA,"Salix arctica",NA,NA,NA,NA
"688",2015,"Qikiqtaruk",18.3,NA,NA,NA,"Salix arctica",NA,NA,NA,NA
"689",2015,"Qikiqtaruk",15.2,NA,NA,NA,"Salix arctica",NA,NA,NA,NA
"690",2015,"Qikiqtaruk",17.6,NA,NA,NA,"Salix arctica",NA,NA,NA,NA
"691",2015,"Qikiqtaruk",19.8,NA,NA,NA,"Salix arctica",NA,NA,NA,NA
"692",2015,"Qikiqtaruk",6,NA,NA,NA,"Salix arctica",NA,NA,NA,NA
"693",2015,"Qikiqtaruk",10.3,NA,NA,NA,"Salix arctica",NA,NA,NA,NA
"694",2015,"Qikiqtaruk",7.4,NA,NA,NA,"Salix arctica",NA,NA,NA,NA
"695",2015,"Qikiqtaruk",2.5,NA,NA,NA,"Salix arctica",NA,NA,NA,NA
"696",2015,"Qikiqtaruk",5.8,NA,NA,NA,"Salix arctica",NA,NA,NA,NA
"697",2016,"Qikiqtaruk",5.6,NA,NA,NA,"Salix arctica",NA,NA,NA,NA
"698",2016,"Qikiqtaruk",3.2,NA,NA,NA,"Salix arctica",NA,NA,NA,NA
"699",2016,"Qikiqtaruk",7.2,NA,NA,NA,"Salix arctica",NA,NA,NA,NA
"700",2016,"Qikiqtaruk",5,NA,NA,NA,"Salix arctica",NA,NA,NA,NA
"701",2016,"Qikiqtaruk",4.6,NA,NA,NA,"Salix arctica",NA,NA,NA,NA
"702",2016,"Qikiqtaruk",11.6,NA,NA,NA,"Salix arctica",NA,NA,NA,NA
"703",2016,"Qikiqtaruk",14.1,NA,NA,NA,"Salix arctica",NA,NA,NA,NA
"704",2016,"Qikiqtaruk",14.3,NA,NA,NA,"Salix arctica",NA,NA,NA,NA
"705",2016,"Qikiqtaruk",18,NA,NA,NA,"Salix arctica",NA,NA,NA,NA
"706",2016,"Qikiqtaruk",13.9,NA,NA,NA,"Salix arctica",NA,NA,NA,NA
"707",2016,"Kluane",8.5,NA,NA,NA,"Salix arctica",NA,NA,NA,NA
"708",2016,"Kluane",6.7,NA,NA,NA,"Salix arctica",NA,NA,NA,NA
"709",2016,"Kluane",2.8,NA,NA,NA,"Salix arctica",NA,NA,NA,NA
"710",2016,"Kluane",5.9,NA,NA,NA,"Salix arctica",NA,NA,NA,NA
"711",2016,"Kluane",4.1,NA,NA,NA,"Salix arctica",NA,NA,NA,NA
"712",2016,"Kluane",6.7,NA,NA,NA,"Salix arctica",NA,NA,NA,NA
"713",2016,"Kluane",6.5,NA,NA,NA,"Salix arctica",NA,NA,NA,NA
"714",2016,"Kluane",12.8,NA,NA,NA,"Salix arctica",NA,NA,NA,NA
"715",2016,"Kluane",4.9,NA,NA,NA,"Salix arctica",NA,NA,NA,NA
"716",2016,"Kluane",5.7,NA,NA,NA,"Salix arctica",NA,NA,NA,NA
"717",2016,"Kluane",3.8,NA,NA,NA,"Salix arctica",NA,NA,NA,NA
"718",2016,"Kluane",7,NA,NA,NA,"Salix arctica",NA,NA,NA,NA
"719",2016,"Kluane",5,NA,NA,NA,"Salix arctica",NA,NA,NA,NA
"720",2016,"Kluane",5.4,NA,NA,NA,"Salix arctica",NA,NA,NA,NA
"721",2016,"Kluane",6,NA,NA,NA,"Salix arctica",NA,NA,NA,NA
"722",2017,"Kluane",4.8,NA,NA,NA,"Salix arctica",NA,NA,NA,NA
"723",2017,"Kluane",5,NA,NA,NA,"Salix arctica",NA,NA,NA,NA
"724",2017,"Kluane",3,NA,NA,NA,"Salix arctica",NA,NA,NA,NA
"725",2017,"Kluane",5,NA,NA,NA,"Salix arctica",NA,NA,NA,NA
"726",2017,"Kluane",5,NA,NA,NA,"Salix arctica",NA,NA,NA,NA
"727",2017,"Kluane",9.8,NA,NA,NA,"Salix arctica",NA,NA,NA,NA
"728",2017,"Kluane",2.8,NA,NA,NA,"Salix arctica",NA,NA,NA,NA
"729",2017,"Kluane",3.5,NA,NA,NA,"Salix arctica",NA,NA,NA,NA
"730",2017,"Kluane",6.6,NA,NA,NA,"Salix arctica",NA,NA,NA,NA
"731",2017,"Kluane",5.5,NA,NA,NA,"Salix arctica",NA,NA,NA,NA
"732",2014,"Kluane",54.8,NA,NA,NA,"Salix pulchra",NA,NA,NA,NA
"733",2014,"Kluane",37.4,NA,NA,NA,"Salix pulchra",NA,NA,NA,NA
"734",2014,"Kluane",53,NA,NA,NA,"Salix pulchra",NA,NA,NA,NA
"735",2014,"Kluane",66.3,NA,NA,NA,"Salix pulchra",NA,NA,NA,NA
"736",2014,"Kluane",32.5,NA,NA,NA,"Salix pulchra",NA,NA,NA,NA
"737",2014,"Kluane",50.5,NA,NA,NA,"Salix pulchra",NA,NA,NA,NA
"738",2014,"Kluane",37.3,NA,NA,NA,"Salix pulchra",NA,NA,NA,NA
"739",2014,"Kluane",21.1,NA,NA,NA,"Salix pulchra",NA,NA,NA,NA
"740",2014,"Kluane",44.5,NA,NA,NA,"Salix pulchra",NA,NA,NA,NA
"741",2014,"Kluane",67.6,NA,NA,NA,"Salix pulchra",NA,NA,NA,NA
"742",2015,"Qikiqtaruk",21.1,NA,NA,NA,"Salix pulchra",NA,NA,NA,NA
"743",2015,"Qikiqtaruk",21.5,NA,NA,NA,"Salix pulchra",NA,NA,NA,NA
"744",2015,"Qikiqtaruk",30.1,NA,NA,NA,"Salix pulchra",NA,NA,NA,NA
"745",2015,"Qikiqtaruk",24.5,NA,NA,NA,"Salix pulchra",NA,NA,NA,NA
"746",2015,"Qikiqtaruk",21.1,NA,NA,NA,"Salix pulchra",NA,NA,NA,NA
"747",2015,"Qikiqtaruk",41.3,NA,NA,NA,"Salix pulchra",NA,NA,NA,NA
"748",2015,"Qikiqtaruk",32.1,NA,NA,NA,"Salix pulchra",NA,NA,NA,NA
"749",2015,"Qikiqtaruk",25.3,NA,NA,NA,"Salix pulchra",NA,NA,NA,NA
"750",2015,"Qikiqtaruk",50.6,NA,NA,NA,"Salix pulchra",NA,NA,NA,NA
"751",2015,"Qikiqtaruk",47.8,NA,NA,NA,"Salix pulchra",NA,NA,NA,NA
"752",2015,"Qikiqtaruk",21.3,NA,NA,NA,"Salix pulchra",NA,NA,NA,NA
"753",2015,"Qikiqtaruk",23.3,NA,NA,NA,"Salix pulchra",NA,NA,NA,NA
"754",2015,"Qikiqtaruk",21.4,NA,NA,NA,"Salix pulchra",NA,NA,NA,NA
"755",2015,"Qikiqtaruk",12,NA,NA,NA,"Salix pulchra",NA,NA,NA,NA
"756",2015,"Qikiqtaruk",33.6,NA,NA,NA,"Salix pulchra",NA,NA,NA,NA
"757",2015,"Qikiqtaruk",27.5,NA,NA,NA,"Salix pulchra",NA,NA,NA,NA
"758",2015,"Qikiqtaruk",22.1,NA,NA,NA,"Salix pulchra",NA,NA,NA,NA
"759",2015,"Qikiqtaruk",29.4,NA,NA,NA,"Salix pulchra",NA,NA,NA,NA
"760",2015,"Qikiqtaruk",20.1,NA,NA,NA,"Salix pulchra",NA,NA,NA,NA
"761",2015,"Qikiqtaruk",28.5,NA,NA,NA,"Salix pulchra",NA,NA,NA,NA
"762",2016,"Qikiqtaruk",20.1,NA,NA,NA,"Salix pulchra",NA,NA,NA,NA
"763",2016,"Qikiqtaruk",24.8,NA,NA,NA,"Salix pulchra",NA,NA,NA,NA
"764",2016,"Qikiqtaruk",23.5,NA,NA,NA,"Salix pulchra",NA,NA,NA,NA
"765",2016,"Qikiqtaruk",29,NA,NA,NA,"Salix pulchra",NA,NA,NA,NA
"766",2016,"Qikiqtaruk",31.5,NA,NA,NA,"Salix pulchra",NA,NA,NA,NA
"767",2016,"Qikiqtaruk",44,NA,NA,NA,"Salix pulchra",NA,NA,NA,NA
"768",2016,"Qikiqtaruk",20.5,NA,NA,NA,"Salix pulchra",NA,NA,NA,NA
"769",2016,"Qikiqtaruk",20,NA,NA,NA,"Salix pulchra",NA,NA,NA,NA
"770",2016,"Qikiqtaruk",36.4,NA,NA,NA,"Salix pulchra",NA,NA,NA,NA
"771",2016,"Qikiqtaruk",32.9,NA,NA,NA,"Salix pulchra",NA,NA,NA,NA
"772",2016,"Kluane",32.2,NA,NA,NA,"Salix pulchra",NA,NA,NA,NA
"773",2016,"Kluane",27,NA,NA,NA,"Salix pulchra",NA,NA,NA,NA
"774",2016,"Kluane",28.8,NA,NA,NA,"Salix pulchra",NA,NA,NA,NA
"775",2016,"Kluane",16.2,NA,NA,NA,"Salix pulchra",NA,NA,NA,NA
"776",2016,"Kluane",61.3,NA,NA,NA,"Salix pulchra",NA,NA,NA,NA
"777",2016,"Kluane",70.1,NA,NA,NA,"Salix pulchra",NA,NA,NA,NA
"778",2016,"Kluane",26.6,NA,NA,NA,"Salix pulchra",NA,NA,NA,NA
"779",2016,"Kluane",102.8,NA,NA,NA,"Salix pulchra",NA,NA,NA,NA
"780",2016,"Kluane",282,NA,NA,NA,"Salix pulchra",NA,NA,NA,NA
"781",2016,"Kluane",40.8,NA,NA,NA,"Salix pulchra",NA,NA,NA,NA
"782",2017,"Kluane",107,NA,NA,NA,"Salix pulchra",NA,NA,NA,NA
"783",2017,"Kluane",146,NA,NA,NA,"Salix pulchra",NA,NA,NA,NA
"784",2017,"Kluane",106,NA,NA,NA,"Salix pulchra",NA,NA,NA,NA
"785",2017,"Kluane",183,NA,NA,NA,"Salix pulchra",NA,NA,NA,NA
"786",2017,"Kluane",126,NA,NA,NA,"Salix pulchra",NA,NA,NA,NA
"787",2017,"Kluane",84,NA,NA,NA,"Salix pulchra",NA,NA,NA,NA
"788",2017,"Kluane",62,NA,NA,NA,"Salix pulchra",NA,NA,NA,NA
"789",2017,"Kluane",49,NA,NA,NA,"Salix pulchra",NA,NA,NA,NA
"790",2017,"Kluane",84,NA,NA,NA,"Salix pulchra",NA,NA,NA,NA
"791",2017,"Kluane",68,NA,NA,NA,"Salix pulchra",NA,NA,NA,NA
"792",2017,"Kluane",81,NA,NA,NA,"Salix pulchra",NA,NA,NA,NA
"793",2017,"Kluane",28,NA,NA,NA,"Salix pulchra",NA,NA,NA,NA
"794",2017,"Kluane",40,NA,NA,NA,"Salix pulchra",NA,NA,NA,NA
"795",2017,"Kluane",89,NA,NA,NA,"Salix pulchra",NA,NA,NA,NA
"796",2017,"Kluane",33,NA,NA,NA,"Salix pulchra",NA,NA,NA,NA
"797",2014,"Kluane",73.1,NA,NA,NA,"Salix richardsonii",NA,NA,NA,NA
"798",2014,"Kluane",80.3,NA,NA,NA,"Salix richardsonii",NA,NA,NA,NA
"799",2014,"Kluane",61,NA,NA,NA,"Salix richardsonii",NA,NA,NA,NA
"800",2014,"Kluane",56.6,NA,NA,NA,"Salix richardsonii",NA,NA,NA,NA
"801",2014,"Kluane",57.5,NA,NA,NA,"Salix richardsonii",NA,NA,NA,NA
"802",2014,"Kluane",69,NA,NA,NA,"Salix richardsonii",NA,NA,NA,NA
"803",2014,"Kluane",69,NA,NA,NA,"Salix richardsonii",NA,NA,NA,NA
"804",2014,"Kluane",72,NA,NA,NA,"Salix richardsonii",NA,NA,NA,NA
"805",2014,"Kluane",61,NA,NA,NA,"Salix richardsonii",NA,NA,NA,NA
"806",2014,"Kluane",74,NA,NA,NA,"Salix richardsonii",NA,NA,NA,NA
"807",2015,"Qikiqtaruk",32.1,NA,NA,NA,"Salix richardsonii",NA,NA,NA,NA
"808",2015,"Qikiqtaruk",37.4,NA,NA,NA,"Salix richardsonii",NA,NA,NA,NA
"809",2015,"Qikiqtaruk",35,NA,NA,NA,"Salix richardsonii",NA,NA,NA,NA
"810",2015,"Qikiqtaruk",49.5,NA,NA,NA,"Salix richardsonii",NA,NA,NA,NA
"811",2015,"Qikiqtaruk",31,NA,NA,NA,"Salix richardsonii",NA,NA,NA,NA
"812",2015,"Qikiqtaruk",41.2,NA,NA,NA,"Salix richardsonii",NA,NA,NA,NA
"813",2015,"Qikiqtaruk",42.3,NA,NA,NA,"Salix richardsonii",NA,NA,NA,NA
"814",2015,"Qikiqtaruk",43.1,NA,NA,NA,"Salix richardsonii",NA,NA,NA,NA
"815",2015,"Qikiqtaruk",37.2,NA,NA,NA,"Salix richardsonii",NA,NA,NA,NA
"816",2015,"Qikiqtaruk",43,NA,NA,NA,"Salix richardsonii",NA,NA,NA,NA
"817",2015,"Qikiqtaruk",49.5,NA,NA,NA,"Salix richardsonii",NA,NA,NA,NA
"818",2015,"Qikiqtaruk",54.4,NA,NA,NA,"Salix richardsonii",NA,NA,NA,NA
"819",2015,"Qikiqtaruk",35.7,NA,NA,NA,"Salix richardsonii",NA,NA,NA,NA
"820",2015,"Qikiqtaruk",26.3,NA,NA,NA,"Salix richardsonii",NA,NA,NA,NA
"821",2015,"Qikiqtaruk",41.4,NA,NA,NA,"Salix richardsonii",NA,NA,NA,NA
"822",2015,"Qikiqtaruk",25.3,NA,NA,NA,"Salix richardsonii",NA,NA,NA,NA
"823",2015,"Qikiqtaruk",42.8,NA,NA,NA,"Salix richardsonii",NA,NA,NA,NA
"824",2015,"Qikiqtaruk",31.2,NA,NA,NA,"Salix richardsonii",NA,NA,NA,NA
"825",2015,"Qikiqtaruk",41,NA,NA,NA,"Salix richardsonii",NA,NA,NA,NA
"826",2015,"Qikiqtaruk",31,NA,NA,NA,"Salix richardsonii",NA,NA,NA,NA
"827",2016,"Qikiqtaruk",16.8,NA,NA,NA,"Salix richardsonii",NA,NA,NA,NA
"828",2016,"Qikiqtaruk",20.5,NA,NA,NA,"Salix richardsonii",NA,NA,NA,NA
"829",2016,"Qikiqtaruk",15.5,NA,NA,NA,"Salix richardsonii",NA,NA,NA,NA
"830",2016,"Qikiqtaruk",24,NA,NA,NA,"Salix richardsonii",NA,NA,NA,NA
"831",2016,"Qikiqtaruk",18.5,NA,NA,NA,"Salix richardsonii",NA,NA,NA,NA
"832",2016,"Qikiqtaruk",44.5,NA,NA,NA,"Salix richardsonii",NA,NA,NA,NA
"833",2016,"Qikiqtaruk",51.2,NA,NA,NA,"Salix richardsonii",NA,NA,NA,NA
"834",2016,"Qikiqtaruk",38.2,NA,NA,NA,"Salix richardsonii",NA,NA,NA,NA
"835",2016,"Qikiqtaruk",45.4,NA,NA,NA,"Salix richardsonii",NA,NA,NA,NA
"836",2016,"Qikiqtaruk",54.5,NA,NA,NA,"Salix richardsonii",NA,NA,NA,NA
"837",2016,"Qikiqtaruk",29.6,NA,NA,NA,"Salix richardsonii",NA,NA,NA,NA
"838",2016,"Qikiqtaruk",20.4,NA,NA,NA,"Salix richardsonii",NA,NA,NA,NA
"839",2016,"Qikiqtaruk",32.6,NA,NA,NA,"Salix richardsonii",NA,NA,NA,NA
"840",2016,"Qikiqtaruk",29,NA,NA,NA,"Salix richardsonii",NA,NA,NA,NA
"841",2016,"Qikiqtaruk",38.3,NA,NA,NA,"Salix richardsonii",NA,NA,NA,NA
"842",2016,"Kluane",93.1,NA,NA,NA,"Salix richardsonii",NA,NA,NA,NA
"843",2016,"Kluane",148,NA,NA,NA,"Salix richardsonii",NA,NA,NA,NA
"844",2016,"Kluane",124,NA,NA,NA,"Salix richardsonii",NA,NA,NA,NA
"845",2016,"Kluane",22,NA,NA,NA,"Salix richardsonii",NA,NA,NA,NA
"846",2016,"Kluane",174,NA,NA,NA,"Salix richardsonii",NA,NA,NA,NA
"847",2016,"Kluane",106.7,NA,NA,NA,"Salix richardsonii",NA,NA,NA,NA
"848",2016,"Kluane",71.5,NA,NA,NA,"Salix richardsonii",NA,NA,NA,NA
"849",2016,"Kluane",83.5,NA,NA,NA,"Salix richardsonii",NA,NA,NA,NA
"850",2016,"Kluane",86.3,NA,NA,NA,"Salix richardsonii",NA,NA,NA,NA
"851",2016,"Kluane",66.5,NA,NA,NA,"Salix richardsonii",NA,NA,NA,NA
"852",2016,"Kluane",135.2,NA,NA,NA,"Salix richardsonii",NA,NA,NA,NA
"853",2016,"Kluane",143,NA,NA,NA,"Salix richardsonii",NA,NA,NA,NA
"854",2016,"Kluane",80.4,NA,NA,NA,"Salix richardsonii",NA,NA,NA,NA
"855",2016,"Kluane",181,NA,NA,NA,"Salix richardsonii",NA,NA,NA,NA
"856",2016,"Kluane",144.5,NA,NA,NA,"Salix richardsonii",NA,NA,NA,NA
"857",2017,"Kluane",91,NA,NA,NA,"Salix richardsonii",NA,NA,NA,NA
"858",2017,"Kluane",148,NA,NA,NA,"Salix richardsonii",NA,NA,NA,NA
"859",2017,"Kluane",180,NA,NA,NA,"Salix richardsonii",NA,NA,NA,NA
"860",2017,"Kluane",82,NA,NA,NA,"Salix richardsonii",NA,NA,NA,NA
"861",2017,"Kluane",125,NA,NA,NA,"Salix richardsonii",NA,NA,NA,NA
"862",2017,"Kluane",57.5,NA,NA,NA,"Salix richardsonii",NA,NA,NA,NA
"863",2017,"Kluane",104,NA,NA,NA,"Salix richardsonii",NA,NA,NA,NA
"864",2017,"Kluane",53.9,NA,NA,NA,"Salix richardsonii",NA,NA,NA,NA
"865",2017,"Kluane",57,NA,NA,NA,"Salix richardsonii",NA,NA,NA,NA
"866",2017,"Kluane",41,NA,NA,NA,"Salix richardsonii",NA,NA,NA,NA
"867",2017,"Kluane",38.8,NA,NA,NA,"Salix richardsonii",NA,NA,NA,NA
"868",2017,"Kluane",66,NA,NA,NA,"Salix richardsonii",NA,NA,NA,NA
"869",2017,"Kluane",55,NA,NA,NA,"Salix richardsonii",NA,NA,NA,NA
"870",2017,"Kluane",31,NA,NA,NA,"Salix richardsonii",NA,NA,NA,NA
"871",2017,"Kluane",66,NA,NA,NA,"Salix richardsonii",NA,NA,NA,NA
"872",2016,"Qikiqtaruk",2.5,"HE16SA1",NA,NA,"Salix arctica",NA,NA,NA,NA
"873",2015,"Kluane",3,"K15PSA11",144,NA,"Salix arctica",NA,NA,NA,NA
"874",2015,"Kluane",3.4,"K15PSA12",112,NA,"Salix arctica",NA,NA,NA,NA
"875",2015,"Kluane",2.81,"K15PSA6",38.4,NA,"Salix arctica",NA,NA,NA,NA
"876",2015,"Kluane",2.6,"K15PSA9",162,NA,"Salix arctica",NA,NA,NA,NA
"877",2017,"Kluane",9.8,"PC17SA1",102,109,"Salix arctica",NA,NA,NA,NA
"878",2017,"Kluane",5.5,"PC17SA5",108,78,"Salix arctica",NA,NA,NA,NA
"879",2017,"Kluane",6.3,"PC17SA6",106,104,"Salix arctica",NA,NA,NA,NA
"880",2017,"Kluane",8.6,"PC17SA10",117,200,"Salix arctica",NA,NA,NA,NA
"881",2016,"Kluane",12,"PC16PVSA2",60,60,"Salix arctica",NA,NA,NA,NA
"882",2016,"Kluane",12,"PC16PVSA3",60,60,"Salix arctica",NA,NA,NA,NA
"883",2016,"Kluane",21,"PC16PVSA4",197,281,"Salix arctica",NA,NA,NA,NA
"884",2016,"Kluane",5,"PC16CESA5",63,54,"Salix arctica",NA,NA,NA,NA
"885",2016,"Kluane",7,"KP16SA2",122,68,"Salix arctica",NA,NA,NA,NA
"886",2016,"Kluane",4,"KP16SA7",155,32,"Salix arctica",NA,NA,NA,NA
"887",2016,"Kluane",7,"KP16SA10",66,57,"Salix arctica",NA,NA,NA,NA
"888",2016,"Kluane",6,"KP16SA19",64,53,"Salix arctica",NA,NA,NA,NA
"889",2016,"Qikiqtaruk",8,"HE16SA3",172,83,"Salix arctica",NA,NA,NA,NA
"890",2016,"Qikiqtaruk",10,"HE16SA5",235,143,"Salix arctica",NA,NA,NA,NA
"891",2016,"Qikiqtaruk",7,"HE16SA9",127,88,"Salix arctica",NA,NA,NA,NA
