"","...1","...2","Latitude","Longitude","Elevation","Canopy_Height_cm","SampleYear","Site","...9","SampleDate","SampleID","Width_cm","Width_2_cm","Stem_Elongation_1_mm","Stem_Elongation_2_mm","Stem_Elongation_3_mm","Length_1_mm","Length_2_mm","Length_3_mm","Stem_diameter","mean_stem_elong","mean_leaf_length","max_mean_width_cm","Match","SampleSite","Date_propagated","Date_planted","Year_planted","Mother_LS","Cutting_length","Cutting_diameter","SampleID_standard","Species"
"1",82,69,NA,NA,NA,29.5,2017,"Qikiqtaruk",NA,2017-08-13,"H17SP1",152,79,31,27,26,46,47,41,NA,28,44.6666666666667,115.5,"#N/A","Qikiqtaruk",NA,2017-08-20,2017,5,23.2,6.1,"H17SP1","Salix pulchra"
"2",90,77,NA,NA,NA,29,2017,"Qikiqtaruk",NA,2017-08-13,"H17SP10",225,107,18,30,30,38,35,33,NA,26,35.3333333333333,166,"#N/A","Qikiqtaruk",NA,2017-08-20,2017,10,27,9.4,"H17SP10","Salix pulchra"
"3",91,78,NA,NA,NA,24,2017,"Qikiqtaruk",NA,2017-08-13,"H17SP11",197,144,26,19,33,44,45,38,NA,26,42.3333333333333,170.5,"#N/A","Qikiqtaruk",NA,2017-08-20,2017,8,36.8,12.2,"H17SP11","Salix pulchra"
"4",92,79,NA,NA,NA,26.5,2017,"Qikiqtaruk",NA,2017-08-13,"H17SP12",118,68,17,17,18,38,26,27,NA,17.3333333333333,30.3333333333333,93,"#N/A","Qikiqtaruk",NA,2017-08-20,2017,11,29.8,6.7,"H17SP12","Salix pulchra"
"5",93,80,NA,NA,NA,25,2017,"Qikiqtaruk",NA,2017-08-13,"H17SP13",138,108,30,21,19,29,32,27,NA,23.3333333333333,29.3333333333333,123,"#N/A","Qikiqtaruk",NA,2017-08-20,2017,8,37.2,8.3,"H17SP13","Salix pulchra"
"6",94,81,NA,NA,NA,30,2017,"Qikiqtaruk",NA,2017-08-13,"H17SP14",289,185,27,27,25,35,39,34,NA,26.3333333333333,36,237,"#N/A","Qikiqtaruk",NA,2017-08-20,2017,9,33.3,8.1,"H17SP14","Salix pulchra"
"7",95,82,NA,NA,NA,29,2017,"Qikiqtaruk",NA,2017-08-13,"H17SP15",175,175,25,33,36,42,36,40,NA,31.3333333333333,39.3333333333333,175,"#N/A","Qikiqtaruk",NA,2017-08-20,2017,7,26.8,8,"H17SP15","Salix pulchra"
"8",96,83,NA,NA,NA,28,2017,"Qikiqtaruk",NA,2017-08-13,"H17SP16",52,93,40,22,37,37,37,33,NA,33,35.6666666666667,72.5,"#N/A","Qikiqtaruk",NA,2017-08-20,2017,8,35.9,9,"H17SP16","Salix pulchra"
"9",97,84,NA,NA,NA,28,2017,"Qikiqtaruk",NA,2017-08-13,"H17SP17",112,88,53,64,63,37,38,41,NA,60,38.6666666666667,100,"#N/A","Qikiqtaruk",NA,2017-08-20,2017,8,40.2,9.6,"H17SP17","Salix pulchra"
"10",98,85,NA,NA,NA,23,2017,"Qikiqtaruk",NA,2017-08-13,"H17SP18",162,128,109,53,32,38,36,34,NA,64.6666666666667,36,145,"#N/A","Qikiqtaruk",NA,2017-08-20,2017,6,28.5,7.6,"H17SP18","Salix pulchra"
"11",99,86,NA,NA,NA,18,2017,"Qikiqtaruk",NA,2017-08-13,"H17SP19",215,143,32,41,33,58,47,44,NA,35.3333333333333,49.6666666666667,179,"#N/A","Qikiqtaruk",NA,2017-08-20,2017,8,46.5,8.8,"H17SP19","Salix pulchra"
"12",83,70,NA,NA,NA,26.5,2017,"Qikiqtaruk",NA,2017-08-13,"H17SP2",131,164,38,19,16,38,44,38,NA,24.3333333333333,40,147.5,"#N/A","Qikiqtaruk",NA,2017-08-20,2017,5,26.7,6.3,"H17SP2","Salix pulchra"
"13",100,87,NA,NA,NA,29,2017,"Qikiqtaruk",NA,2017-08-13,"H17SP20",195,122,22,17,20,37,29,38,NA,19.6666666666667,34.6666666666667,158.5,"#N/A","Qikiqtaruk",NA,2017-08-20,2017,12,30,9,"H17SP20","Salix pulchra"
"14",84,71,NA,NA,NA,28,2017,"Qikiqtaruk",NA,2017-08-13,"H17SP3",213,126,49,40,29,43,46,41,NA,39.3333333333333,43.3333333333333,169.5,"#N/A","Qikiqtaruk",NA,2017-08-20,2017,11,25.9,11,"H17SP3","Salix pulchra"
"15",85,72,NA,NA,NA,30.4,2017,"Qikiqtaruk",NA,2017-08-13,"H17SP4",204,118,50,38,35,46,51,52,NA,41,49.6666666666667,161,"#N/A","Qikiqtaruk",NA,2017-08-20,2017,9,29.8,10,"H17SP4","Salix pulchra"
"16",86,73,NA,NA,NA,26.5,2017,"Qikiqtaruk",NA,2017-08-13,"H17SP6",283,112,26,26,27,48,42,46,NA,26.3333333333333,45.3333333333333,197.5,"#N/A","Qikiqtaruk",NA,2017-08-20,2017,11,40.7,6.8,"H17SP6","Salix pulchra"
"17",87,74,NA,NA,NA,22,2017,"Qikiqtaruk",NA,2017-08-13,"H17SP7",164,77,23,35,24,35,36,38,NA,27.3333333333333,36.3333333333333,120.5,"#N/A","Qikiqtaruk",NA,2017-08-20,2017,6,28.5,7.4,"H17SP7","Salix pulchra"
"18",88,75,NA,NA,NA,36,2017,"Qikiqtaruk",NA,2017-08-13,"H17SP8",262,190,35,38,29,45,40,36,NA,34,40.3333333333333,226,"#N/A","Qikiqtaruk",NA,2017-08-20,2017,12,41.9,11.9,"H17SP8","Salix pulchra"
"19",89,76,NA,NA,NA,29,2017,"Qikiqtaruk",NA,2017-08-13,"H17SP9",184,143,57,31,56,51,54,53,NA,48,52.6666666666667,163.5,"#N/A","Qikiqtaruk",NA,2017-08-20,2017,8,28.9,10.8,"H17SP9","Salix pulchra"
"20",101,88,NA,NA,NA,38,2017,"Qikiqtaruk",NA,2017-08-13,"H17SR1",245,169,24,30,23,41,44,36,NA,25.6666666666667,40.3333333333333,207,"#N/A","Qikiqtaruk",NA,2017-08-20,2017,18,35.5,11.5,"H17SR1","Salix richardsonii"
"21",110,97,NA,NA,NA,42,2017,"Qikiqtaruk",NA,2017-08-13,"H17SR10",186,154,22,17,36,43,39,40,NA,25,40.6666666666667,170,"#N/A","Qikiqtaruk",NA,2017-08-20,2017,13,39.2,14,"H17SR10","Salix richardsonii"
"22",112,99,NA,NA,NA,54,2017,"Qikiqtaruk",NA,2017-08-13,"H17SR12",208,176,20,17,35,41,43,40,NA,24,41.3333333333333,192,"#N/A","Qikiqtaruk",NA,2017-08-20,2017,25,29.3,11.5,"H17SR12","Salix richardsonii"
"23",113,100,NA,NA,NA,35,2017,"Qikiqtaruk",NA,2017-08-13,"H17SR13",261,174,40,29,36,43,50,46,NA,35,46.3333333333333,217.5,"#N/A","Qikiqtaruk",NA,2017-08-20,2017,20,43.9,10.5,"H17SR13","Salix richardsonii"
"24",114,101,NA,NA,NA,24,2017,"Qikiqtaruk",NA,2017-08-13,"H17SR14",228,211,33,24,11,43,46,44,NA,22.6666666666667,44.3333333333333,219.5,"#N/A","Qikiqtaruk",NA,2017-08-20,2017,12,28.5,13,"H17SR14","Salix richardsonii"
"25",115,102,NA,NA,NA,38,2017,"Qikiqtaruk",NA,2017-08-13,"H17SR15",300,219,32,37,21,35,35,40,NA,30,36.6666666666667,259.5,"#N/A","Qikiqtaruk",NA,2017-08-20,2017,19,30.5,11.2,"H17SR15","Salix richardsonii"
"26",116,103,NA,NA,NA,59,2017,"Qikiqtaruk",NA,2017-08-13,"H17SR16",216,285,45,34,37,41,44,40,NA,38.6666666666667,41.6666666666667,250.5,"#N/A","Qikiqtaruk",NA,2017-08-20,2017,26,33,15.6,"H17SR16","Salix richardsonii"
"27",117,104,NA,NA,NA,48,2017,"Qikiqtaruk",NA,2017-08-13,"H17SR17",208,159,57,52,45,56,49,49,NA,51.3333333333333,51.3333333333333,183.5,"#N/A","Qikiqtaruk",NA,2017-08-20,2017,25,35.5,12.3,"H17SR17","Salix richardsonii"
"28",119,106,NA,NA,NA,43,2017,"Qikiqtaruk",NA,2017-08-13,"H17SR19",148,153,16,30,27,34,31,32,NA,24.3333333333333,32.3333333333333,150.5,"#N/A","Qikiqtaruk",NA,2017-08-20,2017,12,23.1,15.1,"H17SR19","Salix richardsonii"
"29",102,89,NA,NA,NA,23,2017,"Qikiqtaruk",NA,2017-08-13,"H17SR2",204,165,26,15,23,40,40,37,NA,21.3333333333333,39,184.5,"#N/A","Qikiqtaruk",NA,2017-08-20,2017,14,31.2,9.5,"H17SR2","Salix richardsonii"
"30",120,107,NA,NA,NA,55,2017,"Qikiqtaruk",NA,2017-08-13,"H17SR20",212,196,22,31,29,47,47,40,NA,27.3333333333333,44.6666666666667,204,"#N/A","Qikiqtaruk",NA,2017-08-20,2017,21,37.8,10.1,"H17SR20","Salix richardsonii"
"31",121,108,NA,NA,NA,52.5,2017,"Qikiqtaruk",NA,2017-08-14,"H17SR21",482,402,46,36,32,50,48,48,NA,38,48.6666666666667,442,"#N/A","Qikiqtaruk",NA,2017-08-20,2017,30,28.2,11,"H17SR21","Salix richardsonii"
"32",122,109,NA,NA,NA,48,2017,"Qikiqtaruk",NA,2017-08-14,"H17SR22",321,307,21,20,26,41,41,38,NA,22.3333333333333,40,314,"#N/A","Qikiqtaruk",NA,2017-08-20,2017,24,35.3,9.4,"H17SR22","Salix richardsonii"
"33",103,90,NA,NA,NA,27,2017,"Qikiqtaruk",NA,2017-08-13,"H17SR3",152,132,38,32,15,40,42,42,NA,28.3333333333333,41.3333333333333,142,"#N/A","Qikiqtaruk",NA,2017-08-20,2017,9,32.7,10.7,"H17SR3","Salix richardsonii"
"34",123,110,NA,NA,NA,46.5,2017,"Qikiqtaruk",NA,2017-08-14,"H17SR35",392,339,110,78,111,55,51,59,NA,99.6666666666667,55,365.5,"#N/A","Qikiqtaruk",NA,2017-08-20,2017,28,39.2,12.2,"H17SR35","Salix richardsonii"
"35",124,111,NA,NA,NA,41,2017,"Qikiqtaruk",NA,2017-08-14,"H17SR36",134,117,250,221,88,55,51,58,NA,186.333333333333,54.6666666666667,125.5,"#N/A","Qikiqtaruk",NA,2017-08-20,2017,19,41.1,14.8,"H17SR36","Salix richardsonii"
"36",125,112,NA,NA,NA,57,2017,"Qikiqtaruk",NA,2017-08-14,"H17SR37",178,139,92,53,70,51,55,47,NA,71.6666666666667,51,158.5,"#N/A","Qikiqtaruk",NA,2017-08-20,2017,23,40.9,8.3,"H17SR37","Salix richardsonii"
"37",126,113,NA,NA,NA,36,2017,"Qikiqtaruk",NA,2017-08-14,"H17SR39",128,123,48,30,44,44,41,43,NA,40.6666666666667,42.6666666666667,125.5,"#N/A","Qikiqtaruk",NA,2017-08-20,2017,11,35.9,13.6,"H17SR39","Salix richardsonii"
"38",127,114,NA,NA,NA,32,2017,"Qikiqtaruk",NA,2017-08-14,"H17SR40",151,124,24,28,24,36,33,33,NA,25.3333333333333,34,137.5,"#N/A","Qikiqtaruk",NA,2017-08-20,2017,12,31.6,13.1,"H17SR40","Salix richardsonii"
"39",105,92,NA,NA,NA,27,2017,"Qikiqtaruk",NA,2017-08-13,"H17SR5",500,425,24,17,21,49,46,41,NA,20.6666666666667,45.3333333333333,462.5,"#N/A","Qikiqtaruk",NA,2017-08-20,2017,15,35.2,10.5,"H17SR5","Salix richardsonii"
"40",106,93,NA,NA,NA,23,2017,"Qikiqtaruk",NA,2017-08-13,"H17SR6",192,167,21,22,31,47,45,47,NA,24.6666666666667,46.3333333333333,179.5,"#N/A","Qikiqtaruk",NA,2017-08-20,2017,14,30.5,15,"H17SR6","Salix richardsonii"
"41",107,94,NA,NA,NA,34,2017,"Qikiqtaruk",NA,2017-08-13,"H17SR7",184,132,24,26,25,44,40,45,NA,25,43,158,"#N/A","Qikiqtaruk",NA,2017-08-20,2017,9,30.5,12,"H17SR7","Salix richardsonii"
"42",108,95,NA,NA,NA,32,2017,"Qikiqtaruk",NA,2017-08-13,"H17SR8",305,195,27,21,25,44,39,37,NA,24.3333333333333,40,250,"#N/A","Qikiqtaruk",NA,2017-08-20,2017,13,31.9,11.4,"H17SR8","Salix richardsonii"
"43",303,305,NA,NA,NA,6,2016,"Qikiqtaruk",NA,2016-07-23,"HE16SA10",40,66,NA,NA,NA,NA,NA,NA,NA,NA,NA,53,"HE16SA10","Qikiqtaruk",2016-07-24,2016-08-06,2016,23.6,20.8,6.2,"HE16SA10","Salix arctica"
"44",321,323,NA,NA,NA,8,2016,"Qikiqtaruk",NA,2016-07-24,"HE16SA11",44,29,NA,NA,NA,NA,NA,NA,NA,NA,NA,36.5,"HE16SA11","Qikiqtaruk",2016-07-25,2016-08-06,2016,9,28,8.4,"HE16SA11","Salix arctica"
"45",322,324,NA,NA,NA,12,2016,"Qikiqtaruk",NA,2016-07-24,"HE16SA12",54,44,NA,NA,NA,NA,NA,NA,NA,NA,NA,49,"HE16SA12","Qikiqtaruk",2016-07-25,2016-08-06,2016,7,15.6,7.7,"HE16SA12","Salix arctica"
"46",323,325,NA,NA,NA,8.5,2016,"Qikiqtaruk",NA,2016-07-24,"HE16SA13",44,69,NA,NA,NA,NA,NA,NA,NA,NA,NA,56.5,"HE16SA13","Qikiqtaruk",2016-07-25,2016-08-06,2016,5,24,3.5,"HE16SA13","Salix arctica"
"47",324,326,NA,NA,NA,12,2016,"Qikiqtaruk",NA,2016-07-24,"HE16SA14",39,35,NA,NA,NA,NA,NA,NA,NA,NA,NA,37,"HE16SA14","Qikiqtaruk",2016-07-25,2016-08-06,2016,5.1,19.1,5.7,"HE16SA14","Salix arctica"
"48",856,290,NA,NA,NA,8,2016,"Qikiqtaruk",NA,2016-07-23,"HE16SA3",172,83,NA,NA,NA,NA,NA,NA,NA,NA,NA,12.75,"HE16Sa3","Qikiqtaruk",2016-07-24,2016-08-06,2016,10,18.1,7,"HE16SA3","Salix arctica"
"49",857,291,NA,NA,NA,10,2016,"Qikiqtaruk",NA,2016-07-23,"HE16SA5",235,143,NA,NA,NA,NA,NA,NA,NA,NA,NA,18.9,"HE16Sa5","Qikiqtaruk",2016-07-24,2016-08-06,2016,6.9,26.9,6.9,"HE16SA5","Salix arctica"
"50",301,302,NA,NA,NA,8,2016,"Qikiqtaruk",NA,2016-07-23,"HE16SA6",60,19,NA,NA,NA,NA,NA,NA,NA,NA,NA,39.5,"HE16SA6","Qikiqtaruk",2016-07-24,2016-08-06,2016,8,20.2,7.7,"HE16SA6","Salix arctica"
"51",302,303,NA,NA,NA,11,2016,"Qikiqtaruk",NA,2016-07-23,"HE16SA7",56,27,NA,NA,NA,NA,NA,NA,NA,NA,NA,41.5,"HE16SA7","Qikiqtaruk",2016-07-24,2016-08-06,2016,6,27.6,6.1,"HE16SA7","Salix arctica"
"52",858,304,NA,NA,NA,7,2016,"Qikiqtaruk",NA,2016-07-23,"HE16SA9",127,88,NA,NA,NA,NA,NA,NA,NA,NA,NA,10.75,"HE16SA9","Qikiqtaruk",2016-07-24,2016-08-06,2016,8.6,30.2,8.3,"HE16SA9","Salix arctica"
"53",272,270,NA,NA,NA,23,2016,"Qikiqtaruk",NA,2016-07-11,"HE16SP1",39,27,NA,NA,NA,NA,NA,NA,NA,NA,NA,33,"HE16SP1","Qikiqtaruk",2016-07-11,2016-08-06,2016,9,43,NA,"HE16SP1","Salix pulchra"
"54",281,279,NA,NA,NA,40,2016,"Qikiqtaruk",NA,2016-07-11,"HE16SP10",232,227,NA,NA,NA,NA,NA,NA,NA,NA,NA,229.5,"HE16SP10","Qikiqtaruk",2016-07-11,2016-08-06,2016,25,59,NA,"HE16SP10","Salix pulchra"
"55",282,280,NA,NA,NA,17,2016,"Qikiqtaruk",NA,2016-07-23,"HE16SP12",40,47,40,38,NA,38,42,NA,NA,NA,NA,43.5,"HE16SP12","Qikiqtaruk",2016-07-24,2016-08-06,2016,7,18.3,4.6,"HE16SP12","Salix pulchra"
"56",283,281,NA,NA,NA,23,2016,"Qikiqtaruk",NA,2016-07-23,"HE16SP13",100,59,30,21,NA,36,50,NA,NA,NA,NA,79.5,"HE16SP13","Qikiqtaruk",2016-07-24,2016-08-06,2016,7,25.1,7.1,"HE16SP13","Salix pulchra"
"57",284,282,NA,NA,NA,19,2016,"Qikiqtaruk",NA,2016-07-23,"HE16SP15",111,72,35,15,NA,43,41,NA,NA,NA,NA,91.5,"HE16SP15","Qikiqtaruk",2016-07-24,2016-08-06,2016,7,19.9,6.6,"HE16SP15","Salix pulchra"
"58",285,283,NA,NA,NA,21,2016,"Qikiqtaruk",NA,2016-07-23,"HE16SP16",194,153,54,53,NA,42,41,NA,NA,NA,NA,173.5,"HE16SP16","Qikiqtaruk",2016-07-24,2016-08-06,2016,10.5,31.5,9,"HE16SP16","Salix pulchra"
"59",286,284,NA,NA,NA,28.5,2016,"Qikiqtaruk",NA,2016-07-23,"HE16SP17",188,155,40,42,NA,33,33,NA,NA,NA,NA,171.5,"HE16SP17","Qikiqtaruk",2016-07-24,2016-08-06,2016,7.3,30.4,7.4,"HE16SP17","Salix pulchra"
"60",287,285,NA,NA,NA,39,2016,"Qikiqtaruk",NA,2016-07-23,"HE16SP18",281,175,49,76,NA,47,48,NA,NA,NA,NA,228,"HE16SP18","Qikiqtaruk",2016-07-24,2016-08-06,2016,10.9,35,8.6,"HE16SP18","Salix pulchra"
"61",288,286,NA,NA,NA,13,2016,"Qikiqtaruk",NA,2016-07-23,"HE16SP19",59,46,105,57,NA,57,49,NA,NA,NA,NA,52.5,"HE16SP19","Qikiqtaruk",2016-07-24,2016-08-06,2016,10.6,31.4,7.1,"HE16SP19","Salix pulchra"
"62",273,271,NA,NA,NA,26,2016,"Qikiqtaruk",NA,2016-07-11,"HE16SP2",39,27,NA,NA,NA,NA,NA,NA,NA,NA,NA,33,"HE16SP2","Qikiqtaruk",2016-07-11,2016-08-06,2016,9,37,NA,"HE16SP2","Salix pulchra"
"63",289,287,NA,NA,NA,26.5,2016,"Qikiqtaruk",NA,2016-07-23,"HE16SP20",230,130,22,26,NA,46,46,NA,NA,NA,NA,180,"HE16SP20","Qikiqtaruk",2016-07-24,2016-08-06,2016,7.9,38.2,5.9,"HE16SP20","Salix pulchra"
"64",304,306,NA,NA,NA,39,2016,"Qikiqtaruk",NA,2016-07-24,"HE16SP21",217,277,124,49,NA,48,52,NA,NA,NA,NA,247,"HE16SP21","Qikiqtaruk",2016-07-25,2016-08-06,2016,16.9,45.2,11.9,"HE16SP21","Salix pulchra"
"65",305,307,NA,NA,NA,55,2016,"Qikiqtaruk",NA,2016-07-24,"HE16SP23",1005,462,112,103,NA,50,48,NA,NA,NA,NA,733.5,"HE16SP23","Qikiqtaruk",2016-07-25,2016-08-06,2016,12,46.4,9.3,"HE16SP23","Salix pulchra"
"66",306,308,NA,NA,NA,77,2016,"Qikiqtaruk",NA,2016-07-24,"HE16SP24",515,306,205,66,NA,62,46,NA,NA,NA,NA,410.5,"HE16SP24","Qikiqtaruk",2016-07-25,2016-08-06,2016,15.6,44.9,8.8,"HE16SP24","Salix pulchra"
"67",307,309,NA,NA,NA,83,2016,"Qikiqtaruk",NA,2016-07-24,"HE16SP25",238,283,81,137,NA,53,51,NA,NA,NA,NA,260.5,"HE16SP25","Qikiqtaruk",2016-07-25,2016-08-06,2016,14.9,47.2,13.6,"HE16SP25","Salix pulchra"
"68",308,310,NA,NA,NA,91,2016,"Qikiqtaruk",NA,2016-07-24,"HE16SP26",367,568,109,88,NA,66,67,NA,NA,NA,NA,467.5,"HE16SP26","Qikiqtaruk",2016-07-25,2016-08-06,2016,12.7,35.2,9.8,"HE16SP26","Salix pulchra"
"69",309,311,NA,NA,NA,39,2016,"Qikiqtaruk",NA,2016-07-24,"HE16SP27",141,89,31,38,NA,40,42,NA,NA,NA,NA,115,"HE16SP27","Qikiqtaruk",2016-07-25,2016-08-06,2016,12.9,36,11.5,"HE16SP27","Salix pulchra"
"70",311,313,NA,NA,NA,53,2016,"Qikiqtaruk",NA,2016-07-24,"HE16SP29",652,426,166,156,NA,51,55,NA,NA,NA,NA,539,"HE16SP29","Qikiqtaruk",2016-07-25,2016-08-06,2016,13,44.5,12.1,"HE16SP29","Salix pulchra"
"71",274,272,NA,NA,NA,24,2016,"Qikiqtaruk",NA,2016-07-11,"HE16SP3",36,26,NA,NA,NA,NA,NA,NA,NA,NA,NA,31,"HE16SP3","Qikiqtaruk",2016-07-11,2016-08-06,2016,10,49,NA,"HE16SP3","Salix pulchra"
"72",312,314,NA,NA,NA,52,2016,"Qikiqtaruk",NA,2016-07-24,"HE16SP30",428,402,181,260,NA,97,76,NA,NA,NA,NA,415,"HE16SP30","Qikiqtaruk",2016-07-25,2016-08-06,2016,15.6,46.5,12.9,"HE16SP30","Salix pulchra"
"73",275,273,NA,NA,NA,35,2016,"Qikiqtaruk",NA,2016-07-11,"HE16SP4",43,47,NA,NA,NA,NA,NA,NA,NA,NA,NA,45,"HE16SP4","Qikiqtaruk",2016-07-11,2016-08-06,2016,10,51,NA,"HE16SP4","Salix pulchra"
"74",276,274,NA,NA,NA,29,2016,"Qikiqtaruk",NA,2016-07-11,"HE16SP5",55,51,NA,NA,NA,NA,NA,NA,NA,NA,NA,53,"HE16SP5","Qikiqtaruk",2016-07-11,2016-08-06,2016,9,62,NA,"HE16SP5","Salix pulchra"
"75",277,275,NA,NA,NA,71,2016,"Qikiqtaruk",NA,2016-07-11,"HE16SP6",496,404,NA,NA,NA,NA,NA,NA,NA,NA,NA,450,"HE16SP6","Qikiqtaruk",2016-07-11,2016-08-06,2016,23,57,NA,"HE16SP6","Salix pulchra"
"76",279,277,NA,NA,NA,34,2016,"Qikiqtaruk",NA,2016-07-11,"HE16SP8",184,170,NA,NA,NA,NA,NA,NA,NA,NA,NA,177,"HE16SP8","Qikiqtaruk",2016-07-11,2016-08-06,2016,9,31,NA,"HE16SP8","Salix pulchra"
"77",280,278,NA,NA,NA,53,2016,"Qikiqtaruk",NA,2016-07-11,"HE16SP9",222,170,NA,NA,NA,NA,NA,NA,NA,NA,NA,196,"HE16SP9","Qikiqtaruk",2016-07-11,2016-08-06,2016,11,41,NA,"HE16SP9","Salix pulchra"
"78",292,293,NA,NA,NA,68,2016,"Qikiqtaruk",NA,2016-07-23,"HE16SR12",427,237,105,50,NA,47,43,NA,NA,NA,NA,332,"HE16Sr12","Qikiqtaruk",2016-07-24,2016-08-09,2016,24,39.2,8.8,"HE16SR12","Salix richardsonii"
"79",293,294,NA,NA,NA,70,2016,"Qikiqtaruk",NA,2016-07-23,"HE16SR13",491,284,60,71,NA,45,54,NA,NA,NA,NA,387.5,"HE16Sr13","Qikiqtaruk",2016-07-24,2016-08-09,2016,27,28.7,9.3,"HE16SR13","Salix richardsonii"
"80",294,295,NA,NA,NA,34,2016,"Qikiqtaruk",NA,2016-07-23,"HE16SR14",206,147,30,24,NA,44,40,NA,NA,NA,NA,176.5,"HE16Sr14","Qikiqtaruk",2016-07-24,2016-08-09,2016,16,28.2,8.7,"HE16SR14","Salix richardsonii"
"81",295,296,NA,NA,NA,38,2016,"Qikiqtaruk",NA,2016-07-23,"HE16SR15",232,150,24,25,NA,40,35,NA,NA,NA,NA,191,"HE16Sr15","Qikiqtaruk",2016-07-24,2016-08-09,2016,18,32.1,10.2,"HE16SR15","Salix richardsonii"
"82",296,297,NA,NA,NA,67,2016,"Qikiqtaruk",NA,2016-07-23,"HE16SR16",331,220,95,48,NA,47,46,NA,NA,NA,NA,275.5,"HE16SR16","Qikiqtaruk",2016-07-24,2016-08-09,2016,33,31.2,11.2,"HE16SR16","Salix richardsonii"
"83",297,298,NA,NA,NA,65,2016,"Qikiqtaruk",NA,2016-07-23,"HE16SR17",229,221,65,63,NA,104,89,NA,NA,NA,NA,225,"HE16SR17","Qikiqtaruk",2016-07-24,2016-08-09,2016,26.6,36.5,10.9,"HE16SR17","Salix richardsonii"
"84",298,299,NA,NA,NA,59,2016,"Qikiqtaruk",NA,2016-07-23,"HE16SR18",183,155,270,277,NA,82,81,NA,NA,NA,NA,169,"HE16SR18","Qikiqtaruk",2016-07-24,2016-08-09,2016,20.3,36.7,9.6,"HE16SR18","Salix richardsonii"
"85",299,300,NA,NA,NA,62,2016,"Qikiqtaruk",NA,2016-07-23,"HE16SR19",403,624,172,151,NA,58,62,NA,NA,NA,NA,513.5,"HE16SR19","Qikiqtaruk",2016-07-24,2016-08-09,2016,21.7,33.6,10,"HE16SR19","Salix richardsonii"
"86",300,301,NA,NA,NA,33,2016,"Qikiqtaruk",NA,2016-07-23,"HE16SR20",132,188,61,67,NA,50,48,NA,NA,NA,NA,160,"HE16SR20","Qikiqtaruk",2016-07-24,2016-08-09,2016,9,38,7.1,"HE16SR20","Salix richardsonii"
"87",313,315,NA,NA,NA,69,2016,"Qikiqtaruk",NA,2016-07-24,"HE16SR21",115,95,NA,NA,NA,NA,NA,NA,NA,NA,NA,105,"HE16SR21","Qikiqtaruk",2016-07-25,2016-08-06,2016,20,35.6,8.5,"HE16SR21","Salix richardsonii"
"88",314,316,NA,NA,NA,77,2016,"Qikiqtaruk",NA,2016-07-24,"HE16SR22",120,109,NA,NA,NA,NA,NA,NA,NA,NA,NA,114.5,"HE16SR22","Qikiqtaruk",2016-07-25,2016-08-06,2016,15,34.7,10.1,"HE16SR22","Salix richardsonii"
"89",315,317,NA,NA,NA,62,2016,"Qikiqtaruk",NA,2016-07-24,"HE16SR23",157,128,NA,NA,NA,NA,NA,NA,NA,NA,NA,142.5,"HE16SR23","Qikiqtaruk",2016-07-25,2016-08-06,2016,24,39.1,8.5,"HE16SR23","Salix richardsonii"
"90",316,318,NA,NA,NA,29,2016,"Qikiqtaruk",NA,2016-07-24,"HE16SR25",68,80,NA,NA,NA,NA,NA,NA,NA,NA,NA,74,"HE16SR25","Qikiqtaruk",2016-07-25,2016-08-06,2016,25,22.5,7.4,"HE16SR25","Salix richardsonii"
"91",317,319,NA,NA,NA,35,2016,"Qikiqtaruk",NA,2016-07-24,"HE16SR26",110,40,NA,NA,NA,NA,NA,NA,NA,NA,NA,75,"HE16Sr26","Qikiqtaruk",2016-07-25,2016-08-06,2016,10,25.2,8.8,"HE16SR26","Salix richardsonii"
"92",318,320,NA,NA,NA,25,2016,"Qikiqtaruk",NA,2016-07-24,"HE16SR27",127,161,NA,NA,NA,NA,NA,NA,NA,NA,NA,144,"HE16Sr27","Qikiqtaruk",2016-07-25,2016-08-06,2016,15,30.4,8.2,"HE16SR27","Salix richardsonii"
"93",319,321,NA,NA,NA,30,2016,"Qikiqtaruk",NA,2016-07-24,"HE16SR28",106,82,NA,NA,NA,NA,NA,NA,NA,NA,NA,94,"HE16Sr28","Qikiqtaruk",2016-07-25,2016-08-06,2016,19,24,8,"HE16SR28","Salix richardsonii"
"94",320,322,NA,NA,NA,38,2016,"Qikiqtaruk",NA,2016-07-24,"HE16SR29",126,95,NA,NA,NA,NA,NA,NA,NA,NA,NA,110.5,"HE16Sr29","Qikiqtaruk",2016-07-25,2016-08-06,2016,19,30.5,9.5,"HE16SR29","Salix richardsonii"
"95",11,80,NA,NA,NA,5.6,2022,"Qikiqtaruk",NA,2022-07-19,"HESA04",8,4.1,24,22,11,32,36,26,5,19,31.3333333333333,6.05,NA,NA,NA,NA,NA,NA,NA,NA,"HESA04","Salix arctica"
"96",12,81,NA,NA,NA,4,2022,"Qikiqtaruk",NA,2022-07-19,"HESA05",4.4,2.7,10,7,18,29,14,25,NA,11.6666666666667,22.6666666666667,3.55,NA,NA,NA,NA,NA,NA,NA,NA,"HESA05","Salix arctica"
"97",13,82,NA,NA,NA,6.4,2022,"Qikiqtaruk",NA,2022-07-19,"HESA06",3.1,2.6,14,16,9,32,29,18,4,13,26.3333333333333,2.85,NA,NA,NA,NA,NA,NA,NA,NA,"HESA06","Salix arctica"
"98",14,83,NA,NA,NA,7.4,2022,"Qikiqtaruk",NA,2022-07-19,"HESA07",6.5,4.9,10,14,9,41,32,17,6,11,30,5.7,NA,NA,NA,NA,NA,NA,NA,NA,"HESA07","Salix arctica"
"99",15,84,NA,NA,NA,10.2,2022,"Qikiqtaruk",NA,2022-07-19,"HESA08",33,6.4,27,19,22,42,27,57,33,22.6666666666667,42,19.7,NA,NA,NA,NA,NA,NA,NA,NA,"HESA08","Salix arctica"
"100",16,85,NA,NA,NA,9.1,2022,"Qikiqtaruk",NA,2022-07-19,"HESA09",6.9,4.1,14,5,12,49,18,22,NA,10.3333333333333,29.6666666666667,5.5,NA,NA,NA,NA,NA,NA,NA,NA,"HESA09","Salix arctica"
"101",17,86,NA,NA,NA,6.5,2022,"Qikiqtaruk",NA,2022-07-19,"HESA10",15,7.2,18,12,15,32,51,18,NA,15,33.6666666666667,11.1,NA,NA,NA,NA,NA,NA,NA,NA,"HESA10","Salix arctica"
"102",1,64,NA,NA,NA,16.4,2022,"Qikiqtaruk",NA,2022-07-19,"HESP04",21,12.6,26,19,43,26,24,17,7,29.3333333333333,22.3333333333333,16.8,NA,NA,NA,NA,NA,NA,NA,NA,"HESP04","Salix pulchra"
"103",2,65,NA,NA,NA,16.2,2022,"Qikiqtaruk",NA,2022-07-19,"HESP05",27.5,9.4,54,31,27,34,25,29,8,37.3333333333333,29.3333333333333,18.45,NA,NA,NA,NA,NA,NA,NA,NA,"HESP05","Salix pulchra"
"104",3,66,NA,NA,NA,16.1,2022,"Qikiqtaruk",NA,2022-07-19,"HESP06",18.5,5.2,13,34,20,34,31,18,5,22.3333333333333,27.6666666666667,11.85,NA,NA,NA,NA,NA,NA,NA,NA,"HESP06","Salix pulchra"
"105",4,70,NA,NA,NA,31.3,2022,"Qikiqtaruk",NA,2022-07-20,"HESR04",130.3,92.1,35,28,41,37,38,22,34,34.6666666666667,32.3333333333333,111.2,NA,NA,NA,NA,NA,NA,NA,NA,"HESR04","Salix richardsonii"
"106",5,71,NA,NA,NA,27.2,2022,"Qikiqtaruk",NA,2022-07-20,"HESR05",63,61.5,32,31,24,34,44,29,26,29,35.6666666666667,62.25,NA,NA,NA,NA,NA,NA,NA,NA,"HESR05","Salix richardsonii"
"107",6,72,NA,NA,NA,61,2022,"Qikiqtaruk",NA,2022-07-20,"HESR06",157,105,66,78,72,44,41,38,35,72,41,131,NA,NA,NA,NA,NA,NA,NA,NA,"HESR06","Salix richardsonii"
"108",7,73,NA,NA,NA,36.7,2022,"Qikiqtaruk",NA,2022-07-20,"HESR07",284,314,39,28,37,51,36,41,12,34.6666666666667,42.6666666666667,299,NA,NA,NA,NA,NA,NA,NA,NA,"HESR07","Salix richardsonii"
"109",8,74,NA,NA,NA,19.4,2022,"Qikiqtaruk",NA,2022-07-20,"HESR08",44,15,44,18,7,41,41,42,10,23,41.3333333333333,29.5,NA,NA,NA,NA,NA,NA,NA,NA,"HESR08","Salix richardsonii"
"110",9,75,NA,NA,NA,23.2,2022,"Qikiqtaruk",NA,2022-07-20,"HESR09",207,114,22,23,32,29,34,36,11,25.6666666666667,33,160.5,NA,NA,NA,NA,NA,NA,NA,NA,"HESR09","Salix richardsonii"
"111",10,76,NA,NA,NA,24.5,2022,"Qikiqtaruk",NA,2022-07-20,"HESR10",84,79,16,22,15,30,25,30,15,17.6666666666667,28.3333333333333,81.5,NA,NA,NA,NA,NA,NA,NA,NA,"HESR10","Salix richardsonii"
"112",553,619,NA,NA,NA,150,2013,"Kluane",NA,2013-08-11,"KL-SPC 1",487,355,NA,NA,NA,NA,NA,NA,NA,NA,NA,421,"KL-SPC 1","Pika Camp",NA,2013-08-13,2013,5.8,NA,NA,"KLSPC1","Salix pulchra"
"113",555,620,NA,NA,NA,41,2013,"Kluane",NA,2013-08-11,"KL-SPC 10",344,259,NA,NA,NA,NA,NA,NA,NA,NA,NA,301.5,"KL-SPC 10","Pika Camp",NA,2013-08-13,2013,1.1,NA,NA,"KLSPC10","Salix pulchra"
"114",557,621,NA,NA,NA,83,2013,"Kluane",NA,2013-08-11,"KL-SPC 11",397,298,NA,NA,NA,NA,NA,NA,NA,NA,NA,347.5,"#N/A","Pika Camp",NA,2013-08-13,2013,3.2,NA,NA,"KLSPC11","Salix pulchra"
"115",558,622,NA,NA,NA,97,2013,"Kluane",NA,2013-08-11,"KL-SPC 12",419,176,NA,NA,NA,NA,NA,NA,NA,NA,NA,297.5,"KL-SPC 12","Pika Camp",NA,2013-08-13,2013,3,NA,NA,"KLSPC12","Salix pulchra"
"116",559,623,NA,NA,NA,102,2013,"Kluane",NA,2013-08-11,"KL-SPC 13",128,126,NA,NA,NA,NA,NA,NA,NA,NA,NA,127,"KL-SPC 13","Pika Camp",NA,2013-08-13,2013,2,NA,NA,"KLSPC13","Salix pulchra"
"117",561,624,NA,NA,NA,166,2013,"Kluane",NA,2013-08-11,"KL-SPC 14",345,157,NA,NA,NA,NA,NA,NA,NA,NA,NA,251,"#N/A","Pika Camp",NA,2013-08-13,2013,6.9,NA,NA,"KLSPC14","Salix pulchra"
"118",563,626,NA,NA,NA,77,2013,"Kluane",NA,2013-08-11,"KL-SPC 2",453,223,NA,NA,NA,NA,NA,NA,NA,NA,NA,338,"KL-SPC 2","Pika Camp",NA,2013-08-13,2013,3,NA,NA,"KLSPC2","Salix pulchra"
"119",565,627,NA,NA,NA,118,2013,"Kluane",NA,2013-08-11,"KL-SPC 3",447,339,NA,NA,NA,NA,NA,NA,NA,NA,NA,393,"KL-SPC 3","Pika Camp",NA,2013-08-13,2013,5.9,NA,NA,"KLSPC3","Salix pulchra"
"120",567,628,NA,NA,NA,95,2013,"Kluane",NA,2013-08-11,"KL-SPC 4",462,155,NA,NA,NA,NA,NA,NA,NA,NA,NA,308.5,"#N/A","Pika Camp",NA,2013-08-13,2013,3.6,NA,NA,"KLSPC4","Salix pulchra"
"121",569,630,NA,NA,NA,42,2013,"Kluane",NA,2013-08-11,"KL-SPC 6",194,108,NA,NA,NA,NA,NA,NA,NA,NA,NA,151,"#N/A","Pika Camp",NA,2013-08-13,2013,1,NA,NA,"KLSPC6","Salix pulchra"
"122",571,632,NA,NA,NA,62,2013,"Kluane",NA,2013-08-11,"KL-SPC 8",466,282,NA,NA,NA,NA,NA,NA,NA,NA,NA,374,"KL-SPC 8","Pika Camp",NA,2013-08-13,2013,2.5,NA,NA,"KLSPC8","Salix pulchra"
"123",573,633,NA,NA,NA,48,2013,"Kluane",NA,2013-08-11,"KL-SPC 9",374,354,NA,NA,NA,NA,NA,NA,NA,NA,NA,364,"KL-SPC 9","Pika Camp",NA,2013-08-13,2013,1,NA,NA,"KLSPC9","Salix pulchra"
"124",588,647,NA,NA,NA,58,2013,"Kluane",NA,2013-08-10,"KL-SPE 11",128,99,NA,NA,NA,NA,NA,NA,NA,NA,NA,113.5,"KL-SPE 11","Pika Camp",NA,2013-08-13,2013,1.6,NA,NA,"KLSPE11","Salix pulchra"
"125",589,648,NA,NA,NA,41,2013,"Kluane",NA,2013-08-10,"KL-SPE 12",37,82,NA,NA,NA,NA,NA,NA,NA,NA,NA,59.5,"KL-SPE 12","Pika Camp",NA,2013-08-13,2013,1.9,NA,NA,"KLSPE12","Salix pulchra"
"126",590,649,NA,NA,NA,72,2013,"Kluane",NA,2013-08-10,"KL-SPE 14",184,140,NA,NA,NA,NA,NA,NA,NA,NA,NA,162,"KL-SPE 14","Pika Camp",NA,2013-08-13,2013,2.4,NA,NA,"KLSPE14","Salix pulchra"
"127",591,650,NA,NA,NA,27,2013,"Kluane",NA,2013-08-10,"KL-SPE 15",136,103,NA,NA,NA,NA,NA,NA,NA,NA,NA,119.5,"KL-SPE 15","Pika Camp",NA,2013-08-13,2013,1.3,NA,NA,"KLSPE15","Salix pulchra"
"128",592,651,NA,NA,NA,46,2013,"Kluane",NA,2013-08-10,"KL-SPE 2",227,170,NA,NA,NA,NA,NA,NA,NA,NA,NA,198.5,"KL-SPE 2","Pika Camp",NA,2013-08-13,2013,2.8,NA,NA,"KLSPE2","Salix pulchra"
"129",593,652,NA,NA,NA,44,2013,"Kluane",NA,2013-08-10,"KL-SPE 3",118,111,NA,NA,NA,NA,NA,NA,NA,NA,NA,114.5,"KL-SPE 3","Pika Camp",NA,2013-08-13,2013,2.1,NA,NA,"KLSPE3","Salix pulchra"
"130",594,653,NA,NA,NA,52,2013,"Kluane",NA,2013-08-10,"KL-SPE 4",218,173,NA,NA,NA,NA,NA,NA,NA,NA,NA,195.5,"KL-SPE 4","Pika Camp",NA,2013-08-13,2013,2.4,NA,NA,"KLSPE4","Salix pulchra"
"131",595,654,NA,NA,NA,35,2013,"Kluane",NA,2013-08-10,"KL-SPE 5",108,567,NA,NA,NA,NA,NA,NA,NA,NA,NA,337.5,"KL-SPE 5","Pika Camp",NA,2013-08-13,2013,0.9,NA,NA,"KLSPE5","Salix pulchra"
"132",596,655,NA,NA,NA,37,2013,"Kluane",NA,2013-08-10,"KL-SPE 6",54,40,NA,NA,NA,NA,NA,NA,NA,NA,NA,47,"KL-SPE 6","Pika Camp",NA,2013-08-13,2013,0.5,NA,NA,"KLSPE6","Salix pulchra"
"133",597,656,NA,NA,NA,66,2013,"Kluane",NA,2013-08-10,"KL-SPE 7",274,174,NA,NA,NA,NA,NA,NA,NA,NA,NA,224,"KL-SPE 7","Pika Camp",NA,2013-08-13,2013,1.7,NA,NA,"KLSPE7","Salix pulchra"
"134",598,657,NA,NA,NA,47,2013,"Kluane",NA,2013-08-10,"KL-SPE 8",262,148,NA,NA,NA,NA,NA,NA,NA,NA,NA,205,"KL-SPE 8","Pika Camp",NA,2013-08-13,2013,1.3,NA,NA,"KLSPE8","Salix pulchra"
"135",599,658,NA,NA,NA,58,2013,"Kluane",NA,2013-08-10,"KL-SPE 9",259,251,NA,NA,NA,NA,NA,NA,NA,NA,NA,255,"KL-SPE 9","Pika Camp",NA,2013-08-13,2013,2.4,NA,NA,"KLSPE9","Salix pulchra"
"136",575,634,NA,NA,NA,163,2013,"Kluane",NA,2013-08-11,"KL-SRC 1",275,178,NA,NA,NA,NA,NA,NA,NA,NA,NA,226.5,"KL-SRC 1","Pika Camp",NA,2013-08-13,2013,6.5,NA,NA,"KLSRC1","Salix richardsonii"
"137",576,635,NA,NA,NA,69,2013,"Kluane",NA,2013-08-11,"KL-SRC 10",178,237,NA,NA,NA,NA,NA,NA,NA,NA,NA,207.5,"KL-SRC 10","Pika Camp",NA,2013-08-13,2013,2.7,NA,NA,"KLSRC10","Salix richardsonii"
"138",577,636,NA,NA,NA,137,2013,"Kluane",NA,2013-08-11,"KL-SRC 11",327,288,NA,NA,NA,NA,NA,NA,NA,NA,NA,307.5,"KL-SRC 11","Pika Camp",NA,2013-08-13,2013,4.7,NA,NA,"KLSRC11","Salix richardsonii"
"139",578,637,NA,NA,NA,161,2013,"Kluane",NA,2013-08-11,"KL-SRC 12",325,394,NA,NA,NA,NA,NA,NA,NA,NA,NA,359.5,"#N/A","Pika Camp",NA,2013-08-13,2013,5.5,NA,NA,"KLSRC12","Salix richardsonii"
"140",579,638,NA,NA,NA,138,2013,"Kluane",NA,2013-08-11,"KL-SRC 13",202,134,NA,NA,NA,NA,NA,NA,NA,NA,NA,168,"KL-SRC 13","Pika Camp",NA,2013-08-13,2013,2.6,NA,NA,"KLSRC13","Salix richardsonii"
"141",580,639,NA,NA,NA,193,2013,"Kluane",NA,2013-08-11,"KL-SRC 14",215,149,NA,NA,NA,NA,NA,NA,NA,NA,NA,182,"#N/A","Pika Camp",NA,2013-08-13,2013,5.4,NA,NA,"KLSRC14","Salix richardsonii"
"142",582,641,NA,NA,NA,146,2013,"Kluane",NA,2013-08-11,"KL-SRC 3",184,169,NA,NA,NA,NA,NA,NA,NA,NA,NA,176.5,"#N/A","Pika Camp",NA,2013-08-13,2013,7.1,NA,NA,"KLSRC3","Salix richardsonii"
"143",584,643,NA,NA,NA,118,2013,"Kluane",NA,2013-08-11,"KL-SRC 5",156,74,NA,NA,NA,NA,NA,NA,NA,NA,NA,115,"#N/A","Pika Camp",NA,2013-08-13,2013,3.9,NA,NA,"KLSRC5","Salix richardsonii"
"144",585,644,NA,NA,NA,155,2013,"Kluane",NA,2013-08-11,"KL-SRC 7",198,178,NA,NA,NA,NA,NA,NA,NA,NA,NA,188,"KL-SRC 7","Pika Camp",NA,2013-08-13,2013,5.5,NA,NA,"KLSRC7","Salix richardsonii"
"145",586,645,NA,NA,NA,38,2013,"Kluane",NA,2013-08-11,"KL-SRC 8",112,78,NA,NA,NA,NA,NA,NA,NA,NA,NA,95,"#N/A","Pika Camp",NA,2013-08-13,2013,2.4,NA,NA,"KLSRC8","Salix richardsonii"
"146",587,646,NA,NA,NA,53,2013,"Kluane",NA,2013-08-11,"KL-SRC 9",179,134,NA,NA,NA,NA,NA,NA,NA,NA,NA,156.5,"#N/A","Pika Camp",NA,2013-08-13,2013,2.4,NA,NA,"KLSRC9","Salix richardsonii"
"147",600,659,NA,NA,NA,43,2013,"Kluane",NA,2013-08-10,"KL-SRE 1",145,92,NA,NA,NA,NA,NA,NA,NA,NA,NA,118.5,"#N/A","Pika Camp",NA,2013-08-13,2013,NA,NA,NA,"KLSRE1","Salix richardsonii"
"148",601,660,NA,NA,NA,34,2013,"Kluane",NA,2013-08-10,"KL-SRE 11",62,56,NA,NA,NA,NA,NA,NA,NA,NA,NA,59,"KL-SRE 11","Pika Camp",NA,2013-08-13,2013,1.1,NA,NA,"KLSRE11","Salix richardsonii"
"149",602,661,NA,NA,NA,36,2013,"Kluane",NA,2013-08-10,"KL-SRE 12",46,27,NA,NA,NA,NA,NA,NA,NA,NA,NA,36.5,"#N/A","Pika Camp",NA,2013-08-13,2013,1.1,NA,NA,"KLSRE12","Salix richardsonii"
"150",603,662,NA,NA,NA,43,2013,"Kluane",NA,2013-08-10,"KL-SRE 13",130,89,NA,NA,NA,NA,NA,NA,NA,NA,NA,109.5,"KL-SRE 13","Pika Camp",NA,2013-08-13,2013,1.4,NA,NA,"KLSRE13","Salix richardsonii"
"151",604,663,NA,NA,NA,35,2013,"Kluane",NA,2013-08-10,"KL-SRE 14",62,142,NA,NA,NA,NA,NA,NA,NA,NA,NA,102,"KL-SRE 14","Pika Camp",NA,2013-08-13,2013,1.7,NA,NA,"KLSRE14","Salix richardsonii"
"152",605,664,NA,NA,NA,48,2013,"Kluane",NA,2013-08-10,"KL-SRE 15",119,69,NA,NA,NA,NA,NA,NA,NA,NA,NA,94,"KL-SRE 15","Pika Camp",NA,2013-08-13,2013,1.9,NA,NA,"KLSRE15","Salix richardsonii"
"153",606,665,NA,NA,NA,49,2013,"Kluane",NA,2013-08-10,"KL-SRE 3",48,39,NA,NA,NA,NA,NA,NA,NA,NA,NA,43.5,"#N/A","Pika Camp",NA,2013-08-13,2013,1.4,NA,NA,"KLSRE3","Salix richardsonii"
"154",607,666,NA,NA,NA,36,2013,"Kluane",NA,2013-08-10,"KL-SRE 5",60,42,NA,NA,NA,NA,NA,NA,NA,NA,NA,51,"#N/A","Pika Camp",NA,2013-08-13,2013,1.2,NA,NA,"KLSRE5","Salix richardsonii"
"155",552,618,NA,NA,NA,64,2013,"Kluane",NA,2013-08-18,"KL-SRE 8",124,89,NA,NA,NA,NA,NA,NA,NA,NA,NA,106.5,"#N/A","Pika Camp",NA,2013-08-21,2013,1.1,NA,NA,"KLSRE8","Salix richardsonii"
"156",259,250,NA,NA,NA,4,2016,"Kluane",NA,2016-07-08,"KP16SA1",37,25,NA,NA,NA,NA,NA,NA,NA,NA,NA,31,"KP16Sa1","Kluane Plateau",NA,2016-07-09,2016,4,13.6,4.7,"KP16SA1","Salix arctica"
"157",854,259,NA,NA,NA,7,2016,"Kluane",NA,2016-07-08,"KP16SA10",66,57,NA,NA,NA,NA,NA,NA,NA,NA,NA,6.15,"KP16Sa10","Kluane Plateau",NA,2016-07-09,2016,20,17.8,10.3,"KP16SA10","Salix arctica"
"158",266,260,NA,NA,NA,6,2016,"Kluane",NA,2016-07-08,"KP16SA11",62,41,NA,NA,NA,NA,NA,NA,NA,NA,NA,51.5,"KP16Sa11","Kluane Plateau",2016-07-08,2016-08-08,2016,8,20.1,7.5,"KP16SA11","Salix arctica"
"159",267,261,NA,NA,NA,4.5,2016,"Kluane",NA,2016-07-08,"KP16SA13",50,23,NA,NA,NA,NA,NA,NA,NA,NA,NA,36.5,"KP16Sa13","Kluane Plateau",2016-07-08,2016-08-08,2016,13,13.1,9.8,"KP16SA13","Salix arctica"
"160",268,262,NA,NA,NA,7,2016,"Kluane",NA,2016-07-08,"KP16SA14",41,35,NA,NA,NA,NA,NA,NA,NA,NA,NA,38,"KP16Sa14","Kluane Plateau",2016-07-08,2016-08-08,2016,9,17.2,9.7,"KP16SA14","Salix arctica"
"161",269,263,NA,NA,NA,4.5,2016,"Kluane",NA,2016-07-08,"KP16SA15",53,40,NA,NA,NA,NA,NA,NA,NA,NA,NA,46.5,"KP16Sa15","Kluane Plateau",2016-07-08,2016-08-08,2016,8,16.9,7.4,"KP16SA15","Salix arctica"
"162",270,264,NA,NA,NA,5,2016,"Kluane",NA,2016-07-08,"KP16SA16",68,25,NA,NA,NA,NA,NA,NA,NA,NA,NA,46.5,"KP16Sa16","Kluane Plateau",2016-07-08,2016-08-08,2016,6,13,6.9,"KP16SA16","Salix arctica"
"163",271,265,NA,NA,NA,6,2016,"Kluane",NA,2016-07-08,"KP16SA18",7.2,42,NA,NA,NA,NA,NA,NA,NA,NA,NA,24.6,"KP16Sa18","Kluane Plateau",2016-07-08,2016-08-08,2016,6,15.4,6.5,"KP16SA18","Salix arctica"
"164",855,266,NA,NA,NA,6,2016,"Kluane",NA,2016-07-08,"KP16SA19",64,53,NA,NA,NA,NA,NA,NA,NA,NA,NA,5.85,"KP16Sa19","Kluane Plateau",2016-07-08,2016-08-08,2016,6,17.5,6.7,"KP16SA19","Salix arctica"
"165",852,251,NA,NA,NA,7,2016,"Kluane",NA,2016-07-08,"KP16SA2",122,68,NA,NA,NA,NA,NA,NA,NA,NA,NA,9.5,"KP16Sa2","Kluane Plateau",NA,2016-07-09,2016,7,26.1,9.1,"KP16SA2","Salix arctica"
"166",260,252,NA,NA,NA,5,2016,"Kluane",NA,2016-07-08,"KP16SA3",50,43,NA,NA,NA,NA,NA,NA,NA,NA,NA,46.5,"KP16Sa3","Kluane Plateau",NA,2016-07-09,2016,5,5.3,7.2,"KP16SA3","Salix arctica"
"167",261,253,NA,NA,NA,6.5,2016,"Kluane",NA,2016-07-08,"KP16SA4",54,32,NA,NA,NA,NA,NA,NA,NA,NA,NA,43,"KP16Sa4","Kluane Plateau",NA,2016-07-09,2016,8,21.4,8,"KP16SA4","Salix arctica"
"168",262,254,NA,NA,NA,6,2016,"Kluane",NA,2016-07-08,"KP16SA5",45,61,NA,NA,NA,NA,NA,NA,NA,NA,NA,53,"KP16Sa5","Kluane Plateau",NA,2016-07-09,2016,7,11.5,8.1,"KP16SA5","Salix arctica"
"169",263,255,NA,NA,NA,5,2016,"Kluane",NA,2016-07-08,"KP16SA6",55,40,NA,NA,NA,NA,NA,NA,NA,NA,NA,47.5,"KP16Sa6","Kluane Plateau",NA,2016-07-09,2016,7,19.9,7.8,"KP16SA6","Salix arctica"
"170",853,256,NA,NA,NA,4,2016,"Kluane",NA,2016-07-08,"KP16SA7",155,32,NA,NA,NA,NA,NA,NA,NA,NA,NA,9.35,"KP16Sa7","Kluane Plateau",NA,2016-07-09,2016,5,14.2,4.9,"KP16SA7","Salix arctica"
"171",264,257,NA,NA,NA,6,2016,"Kluane",NA,2016-07-08,"KP16SA8",57,50,NA,NA,NA,NA,NA,NA,NA,NA,NA,53.5,"KP16Sa8","Kluane Plateau",NA,2016-07-09,2016,6,15.9,8.3,"KP16SA8","Salix arctica"
"172",265,258,NA,NA,NA,5,2016,"Kluane",NA,2016-07-08,"KP16SA9",55,37,NA,NA,NA,NA,NA,NA,NA,NA,NA,46,"KP16Sa9","Kluane Plateau",NA,2016-07-09,2016,10,19.1,9.5,"KP16SA9","Salix arctica"
"173",227,218,NA,NA,NA,181,2016,"Kluane",NA,2016-07-05,"KP16SP1",366,405,NA,NA,NA,NA,NA,NA,NA,NA,NA,385.5,"KP16SP1","Kluane Plateau",2016-07-06,2016-08-08,2016,45.5,36.1,11.1,"KP16SP1","Salix pulchra"
"174",232,223,NA,NA,NA,129,2016,"Kluane",NA,2016-07-05,"KP16SP10",166,178,NA,NA,NA,NA,NA,NA,NA,NA,NA,172,"KP16SP10","Kluane Plateau",2016-07-06,2016-08-08,2016,46.1,34.2,9.9,"KP16SP10","Salix pulchra"
"175",233,224,NA,NA,NA,209,2016,"Kluane",NA,2016-07-05,"KP16SP11",577,727,NA,NA,NA,NA,NA,NA,NA,NA,NA,652,"KP16SP11","Kluane Plateau",2016-07-06,2016-08-08,2016,92,34.3,9.1,"KP16SP11","Salix pulchra"
"176",234,225,NA,NA,NA,147,2016,"Kluane",NA,2016-07-05,"KP16SP12",214,206,NA,NA,NA,NA,NA,NA,NA,NA,NA,210,"KP16SP12","Kluane Plateau",2016-07-06,2016-08-08,2016,48.8,25.8,7.4,"KP16SP12","Salix pulchra"
"177",235,226,NA,NA,NA,131,2016,"Kluane",NA,2016-07-05,"KP16SP13",356,367,NA,NA,NA,NA,NA,NA,NA,NA,NA,361.5,"KP16SP13","Kluane Plateau",2016-07-06,2016-08-08,2016,36.1,25,9.3,"KP16SP13","Salix pulchra"
"178",236,227,NA,NA,NA,73,2016,"Kluane",NA,2016-07-05,"KP16SP14",218,238,NA,NA,NA,NA,NA,NA,NA,NA,NA,228,"KP16SP14","Kluane Plateau",2016-07-06,2016-08-08,2016,28.1,40.1,9.3,"KP16SP14","Salix pulchra"
"179",237,228,NA,NA,NA,152,2016,"Kluane",NA,2016-07-05,"KP16SP15",390,303,NA,NA,NA,NA,NA,NA,NA,NA,NA,346.5,"KP16SP15","Kluane Plateau",2016-07-06,2016-08-08,2016,41.8,43.3,10.1,"KP16SP15","Salix pulchra"
"180",238,229,NA,NA,NA,113,2016,"Kluane",NA,2016-07-05,"KP16SP16",269,166,NA,NA,NA,NA,NA,NA,NA,NA,NA,217.5,"KP16SP16","Kluane Plateau",2016-07-06,2016-08-08,2016,25.1,35.9,10.5,"KP16SP16","Salix pulchra"
"181",239,230,NA,NA,NA,173,2016,"Kluane",NA,2016-07-05,"KP16SP17",257,330,NA,NA,NA,NA,NA,NA,NA,NA,NA,293.5,"KP16SP17","Kluane Plateau",2016-07-06,2016-08-08,2016,43.7,36,8.3,"KP16SP17","Salix pulchra"
"182",240,231,NA,NA,NA,82,2016,"Kluane",NA,2016-07-05,"KP16SP18",195,173,NA,NA,NA,NA,NA,NA,NA,NA,NA,184,"KP16SP18","Kluane Plateau",2016-07-06,2016-08-08,2016,18.3,32.5,8.9,"KP16SP18","Salix pulchra"
"183",241,232,NA,NA,NA,126,2016,"Kluane",NA,2016-07-05,"KP16SP19",232,199,NA,NA,NA,NA,NA,NA,NA,NA,NA,215.5,"KP16SP19","Kluane Plateau",2016-07-06,2016-08-08,2016,33.5,33.2,11.1,"KP16SP19","Salix pulchra"
"184",228,219,NA,NA,NA,83,2016,"Kluane",NA,2016-07-05,"KP16SP2",170,115,NA,NA,NA,NA,NA,NA,NA,NA,NA,142.5,"KP16SP2","Kluane Plateau",2016-07-06,2016-08-08,2016,27.6,34.3,11,"KP16SP2","Salix pulchra"
"185",242,233,NA,NA,NA,92,2016,"Kluane",NA,2016-07-05,"KP16SP20",245,174,NA,NA,NA,NA,NA,NA,NA,NA,NA,209.5,"KP16SP20","Kluane Plateau",2016-07-06,2016-08-08,2016,21.1,35.7,10.7,"KP16SP20","Salix pulchra"
"186",243,234,NA,NA,NA,80,2016,"Kluane",NA,2016-07-05,"KP16SP21",172,188,NA,NA,NA,NA,NA,NA,NA,NA,NA,180,"KP16Sp21","Kluane Plateau",NA,2016-07-09,2016,27.6,40.3,7.7,"KP16SP21","Salix pulchra"
"187",244,235,NA,NA,NA,85,2016,"Kluane",NA,2016-07-05,"KP16SP22",178,168,NA,NA,NA,NA,NA,NA,NA,NA,NA,173,"KP16Sp22","Kluane Plateau",NA,2016-07-09,2016,24,35.2,9.2,"KP16SP22","Salix pulchra"
"188",245,236,NA,NA,NA,98,2016,"Kluane",NA,2016-07-05,"KP16SP23",261,274,NA,NA,NA,NA,NA,NA,NA,NA,NA,267.5,"KP16Sp23","Kluane Plateau",NA,2016-07-09,2016,40.4,34.4,10.5,"KP16SP23","Salix pulchra"
"189",246,237,NA,NA,NA,111,2016,"Kluane",NA,2016-07-05,"KP16SP24",352,354,NA,NA,NA,NA,NA,NA,NA,NA,NA,353,"KP16Sp24","Kluane Plateau",NA,2016-07-09,2016,46.9,28.8,11.1,"KP16SP24","Salix pulchra"
"190",247,238,NA,NA,NA,98,2016,"Kluane",NA,2016-07-05,"KP16SP25",328,292,NA,NA,NA,NA,NA,NA,NA,NA,NA,310,"KP16Sp25","Kluane Plateau",NA,2016-07-09,2016,78.2,32.1,11.3,"KP16SP25","Salix pulchra"
"191",248,239,NA,NA,NA,71,2016,"Kluane",NA,2016-07-05,"KP16SP27",166,155,NA,NA,NA,NA,NA,NA,NA,NA,NA,160.5,"KP16Sp27","Kluane Plateau",NA,2016-07-09,2016,31.9,22.1,6.3,"KP16SP27","Salix pulchra"
"192",249,240,NA,NA,NA,72,2016,"Kluane",NA,2016-07-05,"KP16SP28",370,306,NA,NA,NA,NA,NA,NA,NA,NA,NA,338,"KP16Sp28","Kluane Plateau",NA,2016-07-09,2016,30.2,26.6,9.4,"KP16SP28","Salix pulchra"
"193",250,241,NA,NA,NA,90,2016,"Kluane",NA,2016-07-05,"KP16SP29",189,79,NA,NA,NA,NA,NA,NA,NA,NA,NA,134,"KP16Sp29","Kluane Plateau",NA,2016-07-09,2016,24.6,29.5,14.7,"KP16SP29","Salix pulchra"
"194",251,242,NA,NA,NA,66,2016,"Kluane",NA,2016-07-08,"KP16SP31",300,246,NA,NA,NA,NA,NA,NA,NA,NA,NA,273,"KP16Sp31","Kluane Plateau",NA,2016-07-09,2016,19,32.4,12.6,"KP16SP31","Salix pulchra"
"195",252,243,NA,NA,NA,55,2016,"Kluane",NA,2016-07-08,"KP16SP32",121,146,NA,NA,NA,NA,NA,NA,NA,NA,NA,133.5,"KP16Sp32","Kluane Plateau",NA,2016-07-09,2016,34,33.6,24.1,"KP16SP32","Salix pulchra"
"196",253,244,NA,NA,NA,91,2016,"Kluane",NA,2016-07-08,"KP16SP33",158,85,NA,NA,NA,NA,NA,NA,NA,NA,NA,121.5,"KP16Sp33","Kluane Plateau",NA,2016-07-09,2016,25,45.4,16.6,"KP16SP33","Salix pulchra"
"197",254,245,NA,NA,NA,75,2016,"Kluane",NA,2016-07-08,"KP16SP34",125,94,NA,NA,NA,NA,NA,NA,NA,NA,NA,109.5,"KP16Sp34","Kluane Plateau",NA,2016-07-09,2016,15,42.6,13.9,"KP16SP34","Salix pulchra"
"198",255,246,NA,NA,NA,60,2016,"Kluane",NA,2016-07-08,"KP16SP35",170,182,NA,NA,NA,NA,NA,NA,NA,NA,NA,176,"KP16Sp35","Kluane Plateau",NA,2016-07-09,2016,31,36.2,14,"KP16SP35","Salix pulchra"
"199",256,247,NA,NA,NA,51,2016,"Kluane",NA,2016-07-08,"KP16SP37",111,102,NA,NA,NA,NA,NA,NA,NA,NA,NA,106.5,"KP16Sp37","Kluane Plateau",NA,2016-07-09,2016,2.6,30,13.7,"KP16SP37","Salix pulchra"
"200",257,248,NA,NA,NA,71,2016,"Kluane",NA,2016-07-08,"KP16SP38",121,110,NA,NA,NA,NA,NA,NA,NA,NA,NA,115.5,"KP16Sp38","Kluane Plateau",NA,2016-07-09,2016,35,34.7,9.6,"KP16SP38","Salix pulchra"
"201",258,249,NA,NA,NA,92,2016,"Kluane",NA,2016-07-08,"KP16SP40",367,298,NA,NA,NA,NA,NA,NA,NA,NA,NA,332.5,"KP16Sp40","Kluane Plateau",NA,2016-07-09,2016,38,27.8,6.7,"KP16SP40","Salix pulchra"
"202",325,327,NA,NA,NA,106,2016,"Kluane",NA,2016-08-07,"KP16SP41",179,73,151,145,NA,74,81,NA,NA,NA,NA,126,"KP16SP41","Kluane Plateau",NA,2016-08-08,2016,34,50.8,7.6,"KP16SP41","Salix pulchra"
"203",326,328,NA,NA,NA,99.5,2016,"Kluane",NA,2016-08-07,"KP16SP42",248,251,121,140,NA,52,55,NA,NA,NA,NA,249.5,"KP16SP42","Kluane Plateau",NA,2016-08-08,2016,25,42,9.8,"KP16SP42","Salix pulchra"
"204",327,329,NA,NA,NA,73,2016,"Kluane",NA,2016-08-07,"KP16SP43",251,162,87,263,NA,66,62,NA,NA,NA,NA,206.5,"KP16SP43","Kluane Plateau",NA,2016-08-08,2016,17,47.5,8.3,"KP16SP43","Salix pulchra"
"205",328,330,NA,NA,NA,127,2016,"Kluane",NA,2016-08-07,"KP16SP44",256,191,65,115,NA,86,87,NA,NA,NA,NA,223.5,"KP16SP44","Kluane Plateau",NA,2016-08-08,2016,34,41.9,7.4,"KP16SP44","Salix pulchra"
"206",329,331,NA,NA,NA,93,2016,"Kluane",NA,2016-08-07,"KP16SP45",185,154,135,141,NA,59,54,NA,NA,NA,NA,169.5,"KP16SP45","Kluane Plateau",NA,2016-08-08,2016,24,41.1,8.7,"KP16SP45","Salix pulchra"
"207",330,332,NA,NA,NA,140,2016,"Kluane",NA,2016-08-07,"KP16SP46",276,273,12.6,18.7,NA,9.4,8.7,NA,NA,NA,NA,274.5,"KP16SP46","Kluane Plateau",NA,2016-08-08,2016,37,42.9,10.3,"KP16SP46","Salix pulchra"
"208",331,333,NA,NA,NA,108,2016,"Kluane",NA,2016-08-07,"KP16SP47",279,190,13.3,13.2,NA,8.1,7.3,NA,NA,NA,NA,234.5,"KP16SP47","Kluane Plateau",NA,2016-08-08,2016,29.1,32.5,14.9,"KP16SP47","Salix pulchra"
"209",332,334,NA,NA,NA,52,2016,"Kluane",NA,2016-08-07,"KP16SP48",118,107,8,13.7,NA,3.1,4.3,NA,NA,NA,NA,112.5,"KP16SP48","Kluane Plateau",NA,2016-08-08,2016,19.5,36.2,11.6,"KP16SP48","Salix pulchra"
"210",333,335,NA,NA,NA,101,2016,"Kluane",NA,2016-08-07,"KP16SP49",310,226,12.3,7.4,NA,6.3,5.8,NA,NA,NA,NA,268,"KP16SP49","Kluane Plateau",NA,2016-08-08,2016,43.8,36.4,11,"KP16SP49","Salix pulchra"
"211",229,220,NA,NA,NA,133,2016,"Kluane",NA,2016-07-05,"KP16SP5",224,192,NA,NA,NA,NA,NA,NA,NA,NA,NA,208,"KP16SP5","Kluane Plateau",2016-07-06,2016-08-08,2016,30.4,28,7.6,"KP16SP5","Salix pulchra"
"212",334,336,NA,NA,NA,58,2016,"Kluane",NA,2016-08-07,"KP16SP50",132,212,16.6,13.9,NA,6.8,7.1,NA,NA,NA,NA,172,"KP16SP50","Kluane Plateau",NA,2016-08-08,2016,22.7,41.5,13.4,"KP16SP50","Salix pulchra"
"213",335,337,NA,NA,NA,150,2016,"Kluane",NA,2016-08-07,"KP16SP51",146,121,121,85,NA,75,77,NA,NA,NA,NA,133.5,"KP16SP51","Kluane Plateau",NA,2016-08-09,2016,26,42.3,12.4,"KP16SP51","Salix pulchra"
"214",336,338,NA,NA,NA,37,2016,"Kluane",NA,2016-08-07,"KP16SP52",193,97,110,140,NA,61,72,NA,NA,NA,NA,145,"KP16SP52","Kluane Plateau",NA,2016-08-09,2016,19,35,8.1,"KP16SP52","Salix pulchra"
"215",337,339,NA,NA,NA,112,2016,"Kluane",NA,2016-08-07,"KP16SP53",264,257,136,148,NA,65,72,NA,NA,NA,NA,260.5,"KP16SP53","Kluane Plateau",NA,2016-08-09,2016,39,30.5,7,"KP16SP53","Salix pulchra"
"216",338,340,NA,NA,NA,107,2016,"Kluane",NA,2016-08-07,"KP16SP56",159,148,8,3.1,NA,6.2,5.9,NA,NA,NA,NA,153.5,"KP16SP56","Kluane Plateau",NA,2016-08-09,2016,33,41.2,10.8,"KP16SP56","Salix pulchra"
"217",339,341,NA,NA,NA,47,2016,"Kluane",NA,2016-08-07,"KP16SP57",184,184,7.2,7.5,NA,6.3,6.2,NA,NA,NA,NA,184,"KP16SP57","Kluane Plateau",NA,2016-08-09,2016,15.1,34.8,7.9,"KP16SP57","Salix pulchra"
"218",340,342,NA,NA,NA,41,2016,"Kluane",NA,2016-08-07,"KP16SP59",146,102,3.9,5.5,NA,4.9,4.6,NA,NA,NA,NA,124,"KP16SP59","Kluane Plateau",NA,2016-08-09,2016,15.2,47.5,10.4,"KP16SP59","Salix pulchra"
"219",341,343,NA,NA,NA,87,2016,"Kluane",NA,2016-08-07,"KP16SP60",354,338,9.8,13.4,NA,7.2,6.6,NA,NA,NA,NA,346,"KP16SP60","Kluane Plateau",NA,2016-08-09,2016,31.7,37.8,18.6,"KP16SP60","Salix pulchra"
"220",230,221,NA,NA,NA,107,2016,"Kluane",NA,2016-07-05,"KP16SP7",266,158,NA,NA,NA,NA,NA,NA,NA,NA,NA,212,"KP16SP7","Kluane Plateau",2016-07-06,2016-08-08,2016,31.8,33,8.5,"KP16SP7","Salix pulchra"
"221",231,222,NA,NA,NA,104,2016,"Kluane",NA,2016-07-05,"KP16SP8",323,144,NA,NA,NA,NA,NA,NA,NA,NA,NA,233.5,"KP16SP8","Kluane Plateau",2016-07-06,2016-08-08,2016,27,44.3,9.1,"KP16SP8","Salix pulchra"
"222",191,182,NA,NA,NA,143,2016,"Kluane",NA,2016-07-05,"KP16SR1",151,139,NA,NA,NA,NA,NA,NA,NA,NA,NA,145,"KP16SR1","Kluane Plateau",2016-07-06,2016-08-08,2016,48.9,33.4,6.7,"KP16SR1","Salix richardsonii"
"223",198,189,NA,NA,NA,88,2016,"Kluane",NA,2016-07-05,"KP16SR10",68,72,NA,NA,NA,NA,NA,NA,NA,NA,NA,70,"KP16SR10","Kluane Plateau",2016-07-06,2016-08-08,2016,24.6,37.2,10.3,"KP16SR10","Salix richardsonii"
"224",199,190,NA,NA,NA,90,2016,"Kluane",NA,2016-07-05,"KP16SR11",173,205,NA,NA,NA,NA,NA,NA,NA,NA,NA,189,"KP16SR11","Kluane Plateau",2016-07-06,2016-08-08,2016,35.6,26,12,"KP16SR11","Salix richardsonii"
"225",200,191,NA,NA,NA,132,2016,"Kluane",NA,2016-07-05,"KP16SR12",173,201,NA,NA,NA,NA,NA,NA,NA,NA,NA,187,"KP16SR12","Kluane Plateau",2016-07-06,2016-08-08,2016,29.7,35.7,8.1,"KP16SR12","Salix richardsonii"
"226",201,192,NA,NA,NA,106,2016,"Kluane",NA,2016-07-05,"KP16SR13",323,199,NA,NA,NA,NA,NA,NA,NA,NA,NA,261,"KP16SR13","Kluane Plateau",2016-07-06,2016-08-08,2016,35.4,30.1,12.9,"KP16SR13","Salix richardsonii"
"227",202,193,NA,NA,NA,130,2016,"Kluane",NA,2016-07-05,"KP16SR14",221,193,NA,NA,NA,NA,NA,NA,NA,NA,NA,207,"KP16SR14","Kluane Plateau",2016-07-06,2016-08-08,2016,41.4,40.3,10.3,"KP16SR14","Salix richardsonii"
"228",203,194,NA,NA,NA,64,2016,"Kluane",NA,2016-07-05,"KP16SR15",100,83,NA,NA,NA,NA,NA,NA,NA,NA,NA,91.5,"KP16SR15","Kluane Plateau",2016-07-06,2016-08-08,2016,26.2,32.1,10,"KP16SR15","Salix richardsonii"
"229",204,195,NA,NA,NA,42,2016,"Kluane",NA,2016-07-05,"KP16SR17",62,47,NA,NA,NA,NA,NA,NA,NA,NA,NA,54.5,"KP16SR17","Kluane Plateau",2016-07-06,2016-08-08,2016,128,33.7,9.2,"KP16SR17","Salix richardsonii"
"230",205,196,NA,NA,NA,16,2016,"Kluane",NA,2016-07-05,"KP16SR18",311,262,NA,NA,NA,NA,NA,NA,NA,NA,NA,286.5,"KP16SR18","Kluane Plateau",2016-07-06,2016-08-08,2016,43.3,39.2,9.7,"KP16SR18","Salix richardsonii"
"231",206,197,NA,NA,NA,81,2016,"Kluane",NA,2016-07-05,"KP16SR19",191,180,NA,NA,NA,NA,NA,NA,NA,NA,NA,185.5,"KP16SR19","Kluane Plateau",2016-07-06,2016-08-08,2016,31.7,31.7,10.3,"KP16SR19","Salix richardsonii"
"232",192,183,NA,NA,NA,131,2016,"Kluane",NA,2016-07-05,"KP16SR2",181,230,NA,NA,NA,NA,NA,NA,NA,NA,NA,205.5,"KP16SR2","Kluane Plateau",2016-07-06,2016-08-08,2016,49.9,34.5,8.4,"KP16SR2","Salix richardsonii"
"233",207,198,NA,NA,NA,112,2016,"Kluane",NA,2016-07-05,"KP16SR20",326,295,NA,NA,NA,NA,NA,NA,NA,NA,NA,310.5,"KP16SR20","Kluane Plateau",2016-07-06,2016-08-08,2016,50,26.6,9.5,"KP16SR20","Salix richardsonii"
"234",208,199,NA,NA,NA,91,2016,"Kluane",NA,2016-07-05,"KP16SR21",321,307,NA,NA,NA,NA,NA,NA,NA,NA,NA,314,"KP16Sr21","Kluane Plateau",NA,2016-07-06,2016,36.8,36.2,8.5,"KP16SR21","Salix richardsonii"
"235",209,200,NA,NA,NA,94,2016,"Kluane",NA,2016-07-05,"KP16SR22",152,149,NA,NA,NA,NA,NA,NA,NA,NA,NA,150.5,"KP16Sr22","Kluane Plateau",NA,2016-07-06,2016,31.4,38.1,12.4,"KP16SR22","Salix richardsonii"
"236",210,201,NA,NA,NA,104,2016,"Kluane",NA,2016-07-05,"KP16SR23",241,248,NA,NA,NA,NA,NA,NA,NA,NA,NA,244.5,"KP16Sr23","Kluane Plateau",NA,2016-07-06,2016,36.6,37.2,10.2,"KP16SR23","Salix richardsonii"
"237",211,202,NA,NA,NA,98,2016,"Kluane",NA,2016-07-05,"KP16SR24",300,278,NA,NA,NA,NA,NA,NA,NA,NA,NA,289,"KP16Sr24","Kluane Plateau",NA,2016-07-06,2016,48.4,32.4,10.7,"KP16SR24","Salix richardsonii"
"238",212,203,NA,NA,NA,43,2016,"Kluane",NA,2016-07-05,"KP16SR25",107,101,NA,NA,NA,NA,NA,NA,NA,NA,NA,104,"KP16Sr25","Kluane Plateau",NA,2016-07-06,2016,8,26.1,10.5,"KP16SR25","Salix richardsonii"
"239",213,204,NA,NA,NA,87,2016,"Kluane",NA,2016-07-05,"KP16SR26",124,130,NA,NA,NA,NA,NA,NA,NA,NA,NA,127,"KP16Sr26","Kluane Plateau",NA,2016-07-06,2016,40,42.4,16,"KP16SR26","Salix richardsonii"
"240",214,205,NA,NA,NA,102,2016,"Kluane",NA,2016-07-05,"KP16SR27",168,125,NA,NA,NA,NA,NA,NA,NA,NA,NA,146.5,"KP16Sr27","Kluane Plateau",NA,2016-07-06,2016,20,41.7,16.6,"KP16SR27","Salix richardsonii"
"241",215,206,NA,NA,NA,74,2016,"Kluane",NA,2016-07-05,"KP16SR28",101,93,NA,NA,NA,NA,NA,NA,NA,NA,NA,97,"KP16Sr28","Kluane Plateau",NA,2016-07-06,2016,26,36.9,15.9,"KP16SR28","Salix richardsonii"
"242",216,207,NA,NA,NA,86,2016,"Kluane",NA,2016-07-05,"KP16SR29",167,137,NA,NA,NA,NA,NA,NA,NA,NA,NA,152,"KP16Sr29","Kluane Plateau",NA,2016-07-06,2016,39,32.9,14.1,"KP16SR29","Salix richardsonii"
"243",217,208,NA,NA,NA,95,2016,"Kluane",NA,2016-07-05,"KP16SR30",188,98,NA,NA,NA,NA,NA,NA,NA,NA,NA,143,"KP16Sr30","Kluane Plateau",NA,2016-07-06,2016,39,36.5,15.7,"KP16SR30","Salix richardsonii"
"244",218,209,NA,NA,NA,106,2016,"Kluane",NA,2016-07-05,"KP16SR31",208,221,NA,NA,NA,NA,NA,NA,NA,NA,NA,214.5,"KP16Sr31","Kluane Plateau",NA,2016-07-06,2016,35,37,18.4,"KP16SR31","Salix richardsonii"
"245",219,210,NA,NA,NA,97,2016,"Kluane",NA,2016-07-05,"KP16SR32",222,247,NA,NA,NA,NA,NA,NA,NA,NA,NA,234.5,"KP16Sr32","Kluane Plateau",NA,2016-07-06,2016,27,44.8,21.4,"KP16SR32","Salix richardsonii"
"246",220,211,NA,NA,NA,78,2016,"Kluane",NA,2016-07-05,"KP16SR33",179,152,NA,NA,NA,NA,NA,NA,NA,NA,NA,165.5,"KP16Sr33","Kluane Plateau",NA,2016-07-06,2016,47,43.4,20.7,"KP16SR33","Salix richardsonii"
"247",221,212,NA,NA,NA,71,2016,"Kluane",NA,2016-07-05,"KP16SR34",158,122,NA,NA,NA,NA,NA,NA,NA,NA,NA,140,"KP16Sr34","Kluane Plateau",NA,2016-07-06,2016,21,33.9,15.6,"KP16SR34","Salix richardsonii"
"248",222,213,NA,NA,NA,72,2016,"Kluane",NA,2016-07-05,"KP16SR35",170,160,NA,NA,NA,NA,NA,NA,NA,NA,NA,165,"KP16Sr35","Kluane Plateau",NA,2016-07-06,2016,45,38,19.6,"KP16SR35","Salix richardsonii"
"249",223,214,NA,NA,NA,83,2016,"Kluane",NA,2016-07-05,"KP16SR36",130,77,NA,NA,NA,NA,NA,NA,NA,NA,NA,103.5,"KP16Sr36","Kluane Plateau",NA,2016-07-07,2016,32,37.1,17.4,"KP16SR36","Salix richardsonii"
"250",224,215,NA,NA,NA,127,2016,"Kluane",NA,2016-07-05,"KP16SR37",157,101,NA,NA,NA,NA,NA,NA,NA,NA,NA,129,"KP16Sr37","Kluane Plateau",NA,2016-07-07,2016,33,49.3,15.1,"KP16SR37","Salix richardsonii"
"251",225,216,NA,NA,NA,86,2016,"Kluane",NA,2016-07-05,"KP16SR38",191,173,NA,NA,NA,NA,NA,NA,NA,NA,NA,182,"KP16Sr38","Kluane Plateau",NA,2016-07-07,2016,31,29,17.5,"KP16SR38","Salix richardsonii"
"252",226,217,NA,NA,NA,86,2016,"Kluane",NA,2016-07-05,"KP16SR39",175,119,NA,NA,NA,NA,NA,NA,NA,NA,NA,147,"KP16Sr39","Kluane Plateau",NA,2016-07-07,2016,30,34.2,17.6,"KP16SR39","Salix richardsonii"
"253",193,184,NA,NA,NA,81,2016,"Kluane",NA,2016-07-05,"KP16SR4",44,52,NA,NA,NA,NA,NA,NA,NA,NA,NA,48,"KP16SR4","Kluane Plateau",2016-07-06,2016-08-09,2016,25.7,40.6,12.1,"KP16SR4","Salix richardsonii"
"254",342,344,NA,NA,NA,141,2016,"Kluane",NA,2016-08-07,"KP16SR41",102,81,131,142,NA,61,63,NA,NA,NA,NA,91.5,"KP16SR41","Kluane Plateau",NA,2016-08-09,2016,32,43.4,9.1,"KP16SR41","Salix richardsonii"
"255",343,345,NA,NA,NA,108,2016,"Kluane",NA,2016-08-07,"KP16SR42",154,186,119,138,NA,72,75,NA,NA,NA,NA,170,"KP16SR42","Kluane Plateau",NA,2016-08-09,2016,37,38.5,11.4,"KP16SR42","Salix richardsonii"
"256",344,346,NA,NA,NA,111,2016,"Kluane",NA,2016-08-07,"KP16SR43",272,250,132,162,NA,71,85,NA,NA,NA,NA,261,"KP16SR43","Kluane Plateau",NA,2016-08-09,2016,61,51.6,10.3,"KP16SR43","Salix richardsonii"
"257",345,347,NA,NA,NA,66,2016,"Kluane",NA,2016-08-07,"KP16SR44",222,187,207,109,NA,66,71,NA,NA,NA,NA,204.5,"KP16SR44","Kluane Plateau",NA,2016-08-09,2016,34,43.5,12.7,"KP16SR44","Salix richardsonii"
"258",346,348,NA,NA,NA,76,2016,"Kluane",NA,2016-08-07,"KP16SR45",206,207,96,105,NA,62,59,NA,NA,NA,NA,206.5,"KP16SR45","Kluane Plateau",NA,2016-08-09,2016,44,43.4,11.3,"KP16SR45","Salix richardsonii"
"259",347,349,NA,NA,NA,124.5,2016,"Kluane",NA,2016-08-07,"KP16SR46",245,193,14.5,14.5,NA,6.5,6.9,NA,NA,NA,NA,219,"KP16SR46","Kluane Plateau",NA,2016-08-09,2016,64.1,54.8,14.3,"KP16SR46","Salix richardsonii"
"260",348,350,NA,NA,NA,116,2016,"Kluane",NA,2016-08-07,"KP16SR47",193,179,9.4,15.6,NA,8.5,9.3,NA,NA,NA,NA,186,"KP16SR47","Kluane Plateau",NA,2016-08-09,2016,33.5,35.4,11.2,"KP16SR47","Salix richardsonii"
"261",349,351,NA,NA,NA,61,2016,"Kluane",NA,2016-08-07,"KP16SR48",54,37,8.4,7.2,NA,4.2,4.4,NA,NA,NA,NA,45.5,"KP16SR48","Kluane Plateau",NA,2016-08-09,2016,18.1,39.9,6.9,"KP16SR48","Salix richardsonii"
"262",350,352,NA,NA,NA,88,2016,"Kluane",NA,2016-08-07,"KP16SR49",213,198,10.1,10.9,NA,8.1,7.5,NA,NA,NA,NA,205.5,"KP16SR49","Kluane Plateau",NA,2016-08-09,2016,47.6,45.5,20.4,"KP16SR49","Salix richardsonii"
"263",194,185,NA,NA,NA,157,2016,"Kluane",NA,2016-07-05,"KP16SR5",329,323,NA,NA,NA,NA,NA,NA,NA,NA,NA,326,"KP16SR5","Kluane Plateau",2016-07-06,2016-08-08,2016,57.3,36.4,10.2,"KP16SR5","Salix richardsonii"
"264",351,353,NA,NA,NA,143,2016,"Kluane",NA,2016-08-07,"KP16SR50",165,215,11.5,13.1,NA,7.3,6.8,NA,NA,NA,NA,190,"KP16SR50","Kluane Plateau",NA,2016-08-09,2016,51.8,37.5,19.1,"KP16SR50","Salix richardsonii"
"265",352,354,NA,NA,NA,67,2016,"Kluane",NA,2016-08-07,"KP16SR51",142,115,101,138,NA,56,57,NA,NA,NA,NA,128.5,"KP16SR51","Kluane Plateau",NA,2016-08-09,2016,35,46.7,10.5,"KP16SR51","Salix richardsonii"
"266",353,355,NA,NA,NA,71,2016,"Kluane",NA,2016-08-07,"KP16SR52",145,104,115,133,NA,51,50,NA,NA,NA,NA,124.5,"KP16SR52","Kluane Plateau",NA,2016-08-09,2016,25,34.1,9.7,"KP16SR52","Salix richardsonii"
"267",354,356,NA,NA,NA,92,2016,"Kluane",NA,2016-08-07,"KP16SR53",248,218,71,56,NA,46,48,NA,NA,NA,NA,233,"KP16SR53","Kluane Plateau",NA,2016-08-09,2016,36,36.3,9.1,"KP16SR53","Salix richardsonii"
"268",355,357,NA,NA,NA,66,2016,"Kluane",NA,2016-08-07,"KP16SR54",123,114,165,183,NA,70,81,NA,NA,NA,NA,118.5,"KP16SR54","Kluane Plateau",NA,2016-08-09,2016,20,28.1,7.7,"KP16SR54","Salix richardsonii"
"269",356,358,NA,NA,NA,44,2016,"Kluane",NA,2016-08-07,"KP16SR55",102,65,90,96,NA,50,53,NA,NA,NA,NA,83.5,"KP16SR55","Kluane Plateau",NA,2016-08-09,2016,12,31.7,8.1,"KP16SR55","Salix richardsonii"
"270",357,359,NA,NA,NA,102,2016,"Kluane",NA,2016-08-07,"KP16SR56",189,197,12.2,12.1,NA,5.3,5.8,NA,NA,NA,NA,193,"KP16SR56","Kluane Plateau",NA,2016-08-09,2016,36.8,46.6,9.6,"KP16SR56","Salix richardsonii"
"271",358,360,NA,NA,NA,70,2016,"Kluane",NA,2016-08-07,"KP16SR57",122,95,9.6,4,NA,6.7,6.1,NA,NA,NA,NA,108.5,"KP16SR57","Kluane Plateau",NA,2016-08-09,2016,22.7,43.4,12.7,"KP16SR57","Salix richardsonii"
"272",359,361,NA,NA,NA,54,2016,"Kluane",NA,2016-08-07,"KP16SR58",104,84,4.4,5.5,NA,5.7,5.6,NA,NA,NA,NA,94,"KP16SR58","Kluane Plateau",NA,2016-08-09,2016,20.8,33.2,9.2,"KP16SR58","Salix richardsonii"
"273",360,362,NA,NA,NA,96,2016,"Kluane",NA,2016-08-07,"KP16SR59",119,66,4.3,6.1,NA,5.9,4.3,NA,NA,NA,NA,92.5,"KP16SR59","Kluane Plateau",NA,2016-08-09,2016,27.1,45.9,15.9,"KP16SR59","Salix richardsonii"
"274",361,363,NA,NA,NA,71,2016,"Kluane",NA,2016-08-07,"KP16SR60",175,162,14.3,9.2,NA,6,6.6,NA,NA,NA,NA,168.5,"KP16SR60","Kluane Plateau",NA,2016-08-09,2016,26.9,45.4,12.7,"KP16SR60","Salix richardsonii"
"275",195,186,NA,NA,NA,54,2016,"Kluane",NA,2016-07-05,"KP16SR7",102,139,NA,NA,NA,NA,NA,NA,NA,NA,NA,120.5,"KP16SR7","Kluane Plateau",2016-07-06,2016-08-08,2016,18.1,29.9,10.8,"KP16SR7","Salix richardsonii"
"276",196,187,NA,NA,NA,58,2016,"Kluane",NA,2016-07-05,"KP16SR8",131,81,NA,NA,NA,NA,NA,NA,NA,NA,NA,106,"KP16SR8","Kluane Plateau",2016-07-06,2016-08-08,2016,29.4,35.7,12.4,"KP16SR8","Salix richardsonii"
"277",197,188,NA,NA,NA,86,2016,"Kluane",NA,2016-07-05,"KP16SR9",104,71,NA,NA,NA,NA,NA,NA,NA,NA,NA,87.5,"KP16SR9","Kluane Plateau",2016-07-06,2016-08-08,2016,25.6,33.8,7.5,"KP16SR9","Salix richardsonii"
"278",25,8,NA,NA,NA,4.8,2017,"Kluane",NA,2017-08-09,"KP17SA1",16,16,NA,NA,NA,NA,NA,NA,NA,NA,NA,16,"#N/A","Kluane Plateau",NA,2017-08-10,2017,4,19,7.67,"KP17SA1","Salix arctica"
"279",34,17,NA,NA,NA,5,2017,"Kluane",NA,2017-08-09,"KP17SA10",44,47,NA,NA,NA,NA,NA,NA,NA,NA,NA,45.5,"#N/A","Kluane Plateau",NA,2017-08-10,2017,10,12.7,9.9,"KP17SA10","Salix arctica"
"280",26,9,NA,NA,NA,5,2017,"Kluane",NA,2017-08-09,"KP17SA2",35,41,NA,NA,NA,NA,NA,NA,NA,NA,NA,38,"#N/A","Kluane Plateau",NA,2017-08-10,2017,3,17.6,6.85,"KP17SA2","Salix arctica"
"281",27,10,NA,NA,NA,3,2017,"Kluane",NA,2017-08-09,"KP17SA3",28,19,NA,NA,NA,NA,NA,NA,NA,NA,NA,23.5,"#N/A","Kluane Plateau",NA,2017-08-10,2017,10,12.1,7.66,"KP17SA3","Salix arctica"
"282",28,11,NA,NA,NA,5,2017,"Kluane",NA,2017-08-09,"KP17SA4",57,42,NA,NA,NA,NA,NA,NA,NA,NA,NA,49.5,"#N/A","Kluane Plateau",NA,2017-08-10,2017,11,14.9,8.47,"KP17SA4","Salix arctica"
"283",29,12,NA,NA,NA,5,2017,"Kluane",NA,2017-08-09,"KP17SA5",29,25,NA,NA,NA,NA,NA,NA,NA,NA,NA,27,"#N/A","Kluane Plateau",NA,2017-08-10,2017,8,16.4,12,"KP17SA5","Salix arctica"
"284",30,13,NA,NA,NA,10,2017,"Kluane",NA,2017-08-09,"KP17SA6",23,11,NA,NA,NA,NA,NA,NA,NA,NA,NA,17,"#N/A","Kluane Plateau",NA,2017-08-10,2017,10,9.7,16.45,"KP17SA6","Salix arctica"
"285",31,14,NA,NA,NA,4,2017,"Kluane",NA,2017-08-09,"KP17SA7",45,32,NA,NA,NA,NA,NA,NA,NA,NA,NA,38.5,"#N/A","Kluane Plateau",NA,2017-08-10,2017,45,14.8,7.71,"KP17SA7","Salix arctica"
"286",32,15,NA,NA,NA,6,2017,"Kluane",NA,2017-08-09,"KP17SA8",61,27,NA,NA,NA,NA,NA,NA,NA,NA,NA,44,"#N/A","Kluane Plateau",NA,2017-08-10,2017,9,17.4,6.42,"KP17SA8","Salix arctica"
"287",33,16,NA,NA,NA,4,2017,"Kluane",NA,2017-08-09,"KP17SA9",45,43,NA,NA,NA,NA,NA,NA,NA,NA,NA,44,"#N/A","Kluane Plateau",NA,2017-08-10,2017,8,13,9.07,"KP17SA9","Salix arctica"
"288",18,1,NA,NA,NA,84,2017,"Kluane",NA,2017-08-09,"KP17SP1",113,123,51,97,86,59,62,61,NA,78,60.6666666666667,118,"#N/A","Kluane Plateau",NA,2017-08-10,2017,33,37.8,9.9,"KP17SP1","Salix pulchra"
"289",78,65,NA,NA,NA,25,2017,"Kluane",NA,2017-08-19,"KP17SP10",165,122,36,38,30,54,52,51,NA,34.6666666666667,52.3333333333333,143.5,"#N/A","Kluane Plateau",NA,2017-08-19,2017,8.1,30.7,9,"KP17SP10","Salix pulchra"
"290",79,66,NA,NA,NA,65,2017,"Kluane",NA,2017-08-19,"KP17SP11",156,148,56,41,63,54,59,60,NA,53.3333333333333,57.6666666666667,152,"#N/A","Kluane Plateau",NA,2017-08-19,2017,26.7,33.2,15,"KP17SP11","Salix pulchra"
"291",80,67,NA,NA,NA,85,2017,"Kluane",NA,2017-08-19,"KP17SP12",185,151,138,155,123,59,57,60,NA,138.666666666667,58.6666666666667,168,"#N/A","Kluane Plateau",NA,2017-08-19,2017,37.1,33.6,11,"KP17SP12","Salix pulchra"
"292",81,68,NA,NA,NA,74,2017,"Kluane",NA,2017-08-19,"KP17SP15",182,142,74,50,43,49,48,51,NA,55.6666666666667,49.3333333333333,162,"#N/A","Kluane Plateau",NA,2017-08-19,2017,29.8,34.8,15,"KP17SP15","Salix pulchra"
"293",19,2,NA,NA,NA,49,2017,"Kluane",NA,2017-08-09,"KP17SP3",55,42,59,59,45,53,59,55,NA,54.3333333333333,55.6666666666667,48.5,"#N/A","Kluane Plateau",NA,2017-08-10,2017,12,38.9,10.15,"KP17SP3","Salix pulchra"
"294",20,3,NA,NA,NA,54,2017,"Kluane",NA,2017-08-09,"KP17SP4",184,202,48,22,45,56,61,55,NA,38.3333333333333,57.3333333333333,193,"#N/A","Kluane Plateau",NA,2017-08-10,2017,15,42.7,15.18,"KP17SP4","Salix pulchra"
"295",21,4,NA,NA,NA,68,2017,"Kluane",NA,2017-08-09,"KP17SP5",115,84,90,58,102,56,56,56,NA,83.3333333333333,56,99.5,"#N/A","Kluane Plateau",NA,2017-08-10,2017,20,32.7,10.6,"KP17SP5","Salix pulchra"
"296",75,62,NA,NA,NA,36,2017,"Kluane",NA,2017-08-19,"KP17SP6",103,67,42,18,28,41,43,42,NA,29.3333333333333,42,85,"#N/A","Kluane Plateau",NA,2017-08-19,2017,18.9,32.6,18,"KP17SP6","Salix pulchra"
"297",76,63,NA,NA,NA,58,2017,"Kluane",NA,2017-08-19,"KP17SP7",47,30,86,45,35,41,46,50,NA,55.3333333333333,45.6666666666667,38.5,"#N/A","Kluane Plateau",NA,2017-08-19,2017,9.3,33,10,"KP17SP7","Salix pulchra"
"298",77,64,NA,NA,NA,67,2017,"Kluane",NA,2017-08-19,"KP17SP8",173,134,55,39,61,45,44,53,NA,51.6666666666667,47.3333333333333,153.5,"#N/A","Kluane Plateau",NA,2017-08-19,2017,28.5,28.1,13,"KP17SP8","Salix pulchra"
"299",22,5,NA,NA,NA,108,2017,"Kluane",NA,2017-08-09,"KP17SR1",233,182,68,52,66,61,55,55,NA,62,57,207.5,"#N/A","Kluane Plateau",NA,2017-08-10,2017,55,36.3,22.49,"KP17SR1","Salix richardsonii"
"300",70,57,NA,NA,NA,86,2017,"Kluane",NA,2017-08-19,"KP17SR10",200,201,75,63,71,65,62,70,NA,69.6666666666667,65.6666666666667,200.5,"#N/A","Kluane Plateau",NA,2017-08-19,2017,31.3,29.1,15,"KP17SR10","Salix richardsonii"
"301",71,58,NA,NA,NA,65,2017,"Kluane",NA,2017-08-19,"KP17SR11",156,133,193,97,81,46,47,52,NA,123.666666666667,48.3333333333333,144.5,"#N/A","Kluane Plateau",NA,2017-08-19,2017,38,35.5,16,"KP17SR11","Salix richardsonii"
"302",72,59,NA,NA,NA,64,2017,"Kluane",NA,2017-08-19,"KP17SR12",209,199,61,84,92,62,64,61,NA,79,62.3333333333333,204,"#N/A","Kluane Plateau",NA,2017-08-19,2017,37.3,34.6,20,"KP17SR12","Salix richardsonii"
"303",73,60,NA,NA,NA,42,2017,"Kluane",NA,2017-08-19,"KP17SR14",65,32,36,48,49,55,43,52,NA,44.3333333333333,50,48.5,"#N/A","Kluane Plateau",NA,2017-08-19,2017,15.5,24.9,12,"KP17SR14","Salix richardsonii"
"304",74,61,NA,NA,NA,77,2017,"Kluane",NA,2017-08-19,"KP17SR15",182,155,73,62,77,67,64,75,NA,70.6666666666667,68.6666666666667,168.5,"#N/A","Kluane Plateau",NA,2017-08-19,2017,25.9,42.5,19,"KP17SR15","Salix richardsonii"
"305",23,6,NA,NA,NA,44,2017,"Kluane",NA,2017-08-09,"KP17SR3",113,115,51,62,89,52,44,44,NA,67.3333333333333,46.6666666666667,114,"#N/A","Kluane Plateau",NA,2017-08-10,2017,21,34.1,13.24,"KP17SR3","Salix richardsonii"
"306",24,7,NA,NA,NA,106,2017,"Kluane",NA,2017-08-09,"KP17SR5",182,154,57,71,82,45,47,51,NA,70,47.6666666666667,168,"#N/A","Kluane Plateau",NA,2017-08-10,2017,45,39.7,12.87,"KP17SR5","Salix richardsonii"
"307",68,55,NA,NA,NA,93,2017,"Kluane",NA,2017-08-19,"KP17SR8",157,83,62,67,116,56,51,57,NA,81.6666666666667,54.6666666666667,120,"#N/A","Kluane Plateau",NA,2017-08-19,2017,22.9,30.3,11,"KP17SR8","Salix richardsonii"
"308",69,56,NA,NA,NA,57,2017,"Kluane",NA,2017-08-19,"KP17SR9",52,57,74,44,49,63,54,65,NA,55.6666666666667,60.6666666666667,54.5,"#N/A","Kluane Plateau",NA,2017-08-19,2017,16.1,30.6,8,"KP17SR9","Salix richardsonii"
"309",179,169,NA,NA,NA,7,2016,"Kluane",NA,2016-06-30,"PC16CESA2",60,45,NA,NA,NA,NA,NA,NA,NA,NA,NA,52.5,"PC16CESa2","Pika Camp",NA,2016-07-02,2016,8.4,NA,NA,"PC16CESA2","Salix arctica"
"310",851,170,NA,NA,NA,5,2016,"Kluane",NA,2016-06-30,"PC16CESA5",63,54,NA,NA,NA,NA,NA,NA,NA,NA,NA,5.85,"PC16CESa5","Pika Camp",NA,2016-07-02,2016,10,NA,NA,"PC16CESA5","Salix arctica"
"311",170,160,NA,NA,NA,68,2016,"Kluane",NA,2016-06-30,"PC16CESP1",108,82,NA,NA,NA,NA,NA,NA,NA,NA,NA,95,"PC16CESp1","Pika Camp",2016-07-02,2016-08-08,2016,20.4,34.4,8.6,"PC16CESP1","Salix pulchra"
"312",178,168,NA,NA,NA,61,2016,"Kluane",NA,2016-06-30,"PC16CESP10",251,209,NA,NA,NA,NA,NA,NA,NA,NA,NA,230,"PC16CESp10","Pika Camp",NA,2016-07-02,2016,30,24.8,8.8,"PC16CESP10","Salix pulchra"
"313",171,161,NA,NA,NA,41,2016,"Kluane",NA,2016-06-30,"PC16CESP2",130,143,NA,NA,NA,NA,NA,NA,NA,NA,NA,136.5,"PC16CESp2","Pika Camp",2016-07-02,2016-08-08,2016,16.3,35.3,11.9,"PC16CESP2","Salix pulchra"
"314",172,162,NA,NA,NA,96,2016,"Kluane",NA,2016-06-30,"PC16CESP3",329,238,NA,NA,NA,NA,NA,NA,NA,NA,NA,283.5,"PC16CESp3","Pika Camp",2016-07-02,2016-08-08,2016,29.9,34.3,11.4,"PC16CESP3","Salix pulchra"
"315",173,163,NA,NA,NA,34,2016,"Kluane",NA,2016-06-30,"PC16CESP5",128,99,NA,NA,NA,NA,NA,NA,NA,NA,NA,113.5,"PC16CESp5","Pika Camp",2016-07-02,2016-08-08,2016,11,38.3,11.1,"PC16CESP5","Salix pulchra"
"316",174,164,NA,NA,NA,69,2016,"Kluane",NA,2016-06-30,"PC16CESP6",145,177,NA,NA,NA,NA,NA,NA,NA,NA,NA,161,"PC16CESp6","Pika Camp",NA,2016-07-02,2016,18,22.6,8.8,"PC16CESP6","Salix pulchra"
"317",175,165,NA,NA,NA,32,2016,"Kluane",NA,2016-06-30,"PC16CESP7",233,195,NA,NA,NA,NA,NA,NA,NA,NA,NA,214,"PC16CESp7","Pika Camp",NA,2016-07-02,2016,35,28.8,9.5,"PC16CESP7","Salix pulchra"
"318",176,166,NA,NA,NA,40,2016,"Kluane",NA,2016-06-30,"PC16CESP8",306,217,NA,NA,NA,NA,NA,NA,NA,NA,NA,261.5,"PC16CESp8","Pika Camp",NA,2016-07-02,2016,22,29.9,9.7,"PC16CESP8","Salix pulchra"
"319",177,167,NA,NA,NA,38,2016,"Kluane",NA,2016-06-30,"PC16CESP9",105,83,NA,NA,NA,NA,NA,NA,NA,NA,NA,94,"PC16CESp9","Pika Camp",NA,2016-07-02,2016,12,25,9.2,"PC16CESP9","Salix pulchra"
"320",161,151,NA,NA,NA,75,2016,"Kluane",NA,2016-06-30,"PC16CESR1",181,197,NA,NA,NA,NA,NA,NA,NA,NA,NA,189,"PC16CESr1","Pika Camp",2016-07-02,2016-08-08,2016,20.7,32.2,11,"PC16CESR1","Salix richardsonii"
"321",162,152,NA,NA,NA,67,2016,"Kluane",NA,2016-06-30,"PC16CESR2",138,148,NA,NA,NA,NA,NA,NA,NA,NA,NA,143,"PC16CESr2","Pika Camp",2016-07-02,2016-08-08,2016,22.4,36.6,10.4,"PC16CESR2","Salix richardsonii"
"322",163,153,NA,NA,NA,59,2016,"Kluane",NA,2016-06-30,"PC16CESR3",172,178,NA,NA,NA,NA,NA,NA,NA,NA,NA,175,"PC16CESr3","Pika Camp",2016-07-02,2016-08-08,2016,33.5,37.9,11.7,"PC16CESR3","Salix richardsonii"
"323",164,154,NA,NA,NA,46,2016,"Kluane",NA,2016-06-30,"PC16CESR4",114,114,NA,NA,NA,NA,NA,NA,NA,NA,NA,114,"PC16CESr4","Pika Camp",2016-07-02,2016-08-08,2016,40,21.5,11.8,"PC16CESR4","Salix richardsonii"
"324",165,155,NA,NA,NA,28,2016,"Kluane",NA,2016-06-30,"PC16CESR5",28,24,NA,NA,NA,NA,NA,NA,NA,NA,NA,26,"PC16CESr5","Pika Camp",2016-07-02,2016-08-08,2016,100,22.2,11.7,"PC16CESR5","Salix richardsonii"
"325",166,156,NA,NA,NA,42,2016,"Kluane",NA,2016-06-30,"PC16CESR6",41,34,NA,NA,NA,NA,NA,NA,NA,NA,NA,37.5,"PC16CESr6","Pika Camp",NA,2016-07-02,2016,11,29,10.8,"PC16CESR6","Salix richardsonii"
"326",167,157,NA,NA,NA,32,2016,"Kluane",NA,2016-06-30,"PC16CESR7",35,33,NA,NA,NA,NA,NA,NA,NA,NA,NA,34,"PC16CESr7","Pika Camp",NA,2016-07-02,2016,8,19.2,9.9,"PC16CESR7","Salix richardsonii"
"327",168,158,NA,NA,NA,41,2016,"Kluane",NA,2016-06-30,"PC16CESR8",41,20,NA,NA,NA,NA,NA,NA,NA,NA,NA,30.5,"PC16CESr8","Pika Camp",NA,2016-07-02,2016,9,31.4,5.5,"PC16CESR8","Salix richardsonii"
"328",169,159,NA,NA,NA,25,2016,"Kluane",NA,2016-06-30,"PC16CESR9",70,62,NA,NA,NA,NA,NA,NA,NA,NA,NA,66,"PC16CESr9","Pika Camp",NA,2016-07-02,2016,9,26.6,9.4,"PC16CESR9","Salix richardsonii"
"329",160,150,NA,NA,NA,51,2016,"Kluane",NA,2016-06-29,"PC16CWSP10",124,96,NA,NA,NA,NA,NA,NA,NA,NA,NA,110,"PC16CWSp10","Pika Camp",NA,2016-07-02,2016,14,34.4,15.2,"PC16CWSP10","Salix pulchra"
"330",154,144,NA,NA,NA,83,2016,"Kluane",NA,2016-06-29,"PC16CWSP2",213,256,NA,NA,NA,NA,NA,NA,NA,NA,NA,234.5,"PC16CWSp2","Pika Camp",2016-07-02,2016-08-08,2016,25.4,421.7,9.2,"PC16CWSP2","Salix pulchra"
"331",155,145,NA,NA,NA,56,2016,"Kluane",NA,2016-06-29,"PC16CWSP3",183,171,NA,NA,NA,NA,NA,NA,NA,NA,NA,177,"PC16CWSp3","Pika Camp",2016-07-02,2016-08-08,2016,35.5,32.7,8.4,"PC16CWSP3","Salix pulchra"
"332",156,146,NA,NA,NA,67,2016,"Kluane",NA,2016-06-29,"PC16CWSP4",242,205,NA,NA,NA,NA,NA,NA,NA,NA,NA,223.5,"PC16CWSp4","Pika Camp",2016-07-02,2016-08-08,2016,19,36.3,7.4,"PC16CWSP4","Salix pulchra"
"333",157,147,NA,NA,NA,24,2016,"Kluane",NA,2016-06-29,"PC16CWSP6",257,156,NA,NA,NA,NA,NA,NA,NA,NA,NA,206.5,"PC16CWSp6","Pika Camp",NA,2016-07-02,2016,18.5,31,9.8,"PC16CWSP6","Salix pulchra"
"334",158,148,NA,NA,NA,64,2016,"Kluane",NA,2016-06-29,"PC16CWSP7",111,68,NA,NA,NA,NA,NA,NA,NA,NA,NA,89.5,"PC16CWSp7","Pika Camp",NA,2016-07-02,2016,19,34.3,15.5,"PC16CWSP7","Salix pulchra"
"335",159,149,NA,NA,NA,60,2016,"Kluane",NA,2016-06-29,"PC16CWSP9",117,81,NA,NA,NA,NA,NA,NA,NA,NA,NA,99,"PC16CWSp9","Pika Camp",NA,2016-07-02,2016,29,37.8,13.4,"PC16CWSP9","Salix pulchra"
"336",147,137,NA,NA,NA,111,2016,"Kluane",NA,2016-06-29,"PC16CWSR1",330,328,NA,NA,NA,NA,NA,NA,NA,NA,NA,329,"PC16CWSr1","Pika Camp",2016-07-02,2016-08-08,2016,64.8,35.4,9.4,"PC16CWSR1","Salix richardsonii"
"337",148,138,NA,NA,NA,96,2016,"Kluane",NA,2016-06-29,"PC16CWSR2",160,131,NA,NA,NA,NA,NA,NA,NA,NA,NA,145.5,"PC16CWSr2","Pika Camp",2016-07-02,2016-08-08,2016,22.9,34.2,11.3,"PC16CWSR2","Salix richardsonii"
"338",149,139,NA,NA,NA,83,2016,"Kluane",NA,2016-06-29,"PC16CWSR3",174,112,NA,NA,NA,NA,NA,NA,NA,NA,NA,143,"PC16CWSr3","Pika Camp",2016-07-02,2016-08-08,2016,25.6,31.4,10.4,"PC16CWSR3","Salix richardsonii"
"339",150,140,NA,NA,NA,47,2016,"Kluane",NA,2016-06-29,"PC16CWSR4",32,36,NA,NA,NA,NA,NA,NA,NA,NA,NA,34,"PC16CWSr4","Pika Camp",2016-07-02,2016-08-08,2016,8.2,29.6,8.3,"PC16CWSR4","Salix richardsonii"
"340",151,141,NA,NA,NA,38,2016,"Kluane",NA,2016-06-29,"PC16CWSR5",102,58,NA,NA,NA,NA,NA,NA,NA,NA,NA,80,"PC16CWSr5","Pika Camp",2016-07-02,2016-08-08,2016,13.5,33.1,8.5,"PC16CWSR5","Salix richardsonii"
"341",152,142,NA,NA,NA,64,2016,"Kluane",NA,2016-06-29,"PC16CWSR7",111,68,NA,NA,NA,NA,NA,NA,NA,NA,NA,89.5,"PC16CWSr7","Pika Camp",NA,2016-07-02,2016,19,36.1,10.7,"PC16CWSR7","Salix richardsonii"
"342",153,143,NA,NA,NA,52,2016,"Kluane",NA,2016-06-29,"PC16CWSR8",41,32,NA,NA,NA,NA,NA,NA,NA,NA,NA,36.5,"PC16CWSr8","Pika Camp",NA,2016-07-02,2016,17,16.2,7.8,"PC16CWSR8","Salix richardsonii"
"343",146,133,NA,NA,NA,12,2016,"Kluane",NA,2016-06-29,"PC16PVSA1",45,18,NA,NA,NA,NA,NA,NA,NA,NA,NA,31.5,"PC16PVSa1","Pika Camp",2016-07-02,2016-08-09,2016,11.1,21.9,9.3,"PC16PVSA1","Salix arctica"
"344",848,134,NA,NA,NA,12,2016,"Kluane",NA,2016-06-29,"PC16PVSA2",60,60,NA,NA,NA,NA,NA,NA,NA,NA,NA,6,"PC16PVSa2","Pika Camp",2016-07-02,2016-08-09,2016,8.7,20.3,9.2,"PC16PVSA2","Salix arctica"
"345",849,135,NA,NA,NA,12,2016,"Kluane",NA,2016-06-29,"PC16PVSA3",60,60,NA,NA,NA,NA,NA,NA,NA,NA,NA,6,"PC16PVSa3","Pika Camp",2016-07-02,2016-08-09,2016,8.7,15.6,5.3,"PC16PVSA3","Salix arctica"
"346",850,136,NA,NA,NA,21,2016,"Kluane",NA,2016-06-29,"PC16PVSA4",197,281,NA,NA,NA,NA,NA,NA,NA,NA,NA,23.9,"PC16PVSa4","Pika Camp",2016-07-02,2016-08-09,2016,16.5,19.8,9.4,"PC16PVSA4","Salix arctica"
"347",136,123,NA,NA,NA,143,2016,"Kluane",NA,2016-06-29,"PC16PVSP1",68,163,NA,NA,NA,NA,NA,NA,NA,NA,NA,115.5,"PC16PVSp1","Pika Camp",2016-07-02,2016-08-08,2016,38.6,35.4,11.4,"PC16PVSP1","Salix pulchra"
"348",145,132,NA,NA,NA,51,2016,"Kluane",NA,2016-06-29,"PC16PVSP10",116,72,NA,NA,NA,NA,NA,NA,NA,NA,NA,94,"PC16PVSp10","Pika Camp",NA,2016-07-02,2016,18.6,29,8.9,"PC16PVSP10","Salix pulchra"
"349",137,124,NA,NA,NA,87,2016,"Kluane",NA,2016-06-29,"PC16PVSP2",174,185,NA,NA,NA,NA,NA,NA,NA,NA,NA,179.5,"PC16PVSp2","Pika Camp",2016-07-02,2016-08-08,2016,24.4,17,9.2,"PC16PVSP2","Salix pulchra"
"350",138,125,NA,NA,NA,109,2016,"Kluane",NA,2016-06-29,"PC16PVSP3",44,153,NA,NA,NA,NA,NA,NA,NA,NA,NA,98.5,"PC16PVSp3","Pika Camp",2016-07-02,2016-08-08,2016,17,23.4,11.5,"PC16PVSP3","Salix pulchra"
"351",139,126,NA,NA,NA,40,2016,"Kluane",NA,2016-06-29,"PC16PVSP4",389,152,NA,NA,NA,NA,NA,NA,NA,NA,NA,270.5,"PC16PVSp4","Pika Camp",2016-07-02,2016-08-08,2016,21.2,35.2,11.8,"PC16PVSP4","Salix pulchra"
"352",140,127,NA,NA,NA,86,2016,"Kluane",NA,2016-06-29,"PC16PVSP5",214,236,NA,NA,NA,NA,NA,NA,NA,NA,NA,225,"PC16PVSp5","Pika Camp",2016-07-02,2016-08-08,2016,97.2,36,9.6,"PC16PVSP5","Salix pulchra"
"353",141,128,NA,NA,NA,78,2016,"Kluane",NA,2016-06-29,"PC16PVSP6",209,223,NA,NA,NA,NA,NA,NA,NA,NA,NA,216,"PC16PVSp6","Pika Camp",NA,2016-07-02,2016,45.1,37.2,8.2,"PC16PVSP6","Salix pulchra"
"354",142,129,NA,NA,NA,67,2016,"Kluane",NA,2016-06-29,"PC16PVSP7",168,152,NA,NA,NA,NA,NA,NA,NA,NA,NA,160,"PC16PVSp7","Pika Camp",NA,2016-07-02,2016,19.4,40.9,11.4,"PC16PVSP7","Salix pulchra"
"355",143,130,NA,NA,NA,63,2016,"Kluane",NA,2016-06-29,"PC16PVSP8",139,99,NA,NA,NA,NA,NA,NA,NA,NA,NA,119,"PC16PVSp8","Pika Camp",NA,2016-07-02,2016,21.3,41,10.9,"PC16PVSP8","Salix pulchra"
"356",144,131,NA,NA,NA,94,2016,"Kluane",NA,2016-06-29,"PC16PVSP9",123,143,NA,NA,NA,NA,NA,NA,NA,NA,NA,133,"PC16PVSp9","Pika Camp",NA,2016-07-02,2016,16.4,36.5,8,"PC16PVSP9","Salix pulchra"
"357",128,115,NA,NA,NA,148,2016,"Kluane",NA,2016-06-29,"PC16PVSR1",147,103,NA,NA,NA,NA,NA,NA,NA,NA,NA,125,"PC16PVSr1","Pika Camp",2016-07-02,2016-08-08,2016,34.1,29.9,10.3,"PC16PVSR1","Salix richardsonii"
"358",129,116,NA,NA,NA,124,2016,"Kluane",NA,2016-06-29,"PC16PVSR2",154,117,NA,NA,NA,NA,NA,NA,NA,NA,NA,135.5,"PC16PVSr2","Pika Camp",2016-07-02,2016-08-08,2016,50.3,40.4,10.8,"PC16PVSR2","Salix richardsonii"
"359",130,117,NA,NA,NA,22,2016,"Kluane",NA,2016-06-29,"PC16PVSR3",46,62,NA,NA,NA,NA,NA,NA,NA,NA,NA,54,"PC16PVSr3","Pika Camp",2016-07-02,2016-08-08,2016,10.4,30.5,7.5,"PC16PVSR3","Salix richardsonii"
"360",131,118,NA,NA,NA,174,2016,"Kluane",NA,2016-06-29,"PC16PVSR4",183,226,NA,NA,NA,NA,NA,NA,NA,NA,NA,204.5,"PC16PVSr4","Pika Camp",2016-07-02,2016-08-08,2016,69.6,28.5,9.4,"PC16PVSR4","Salix richardsonii"
"361",132,119,NA,NA,NA,100,2016,"Kluane",NA,2016-06-29,"PC16PVSR5",224,137,NA,NA,NA,NA,NA,NA,NA,NA,NA,180.5,"PC16PVSr5","Pika Camp",2016-07-02,2016-08-08,2016,47,43.5,10.6,"PC16PVSR5","Salix richardsonii"
"362",133,120,NA,NA,NA,108,2016,"Kluane",NA,2016-06-29,"PC16PVSR6",215,152,NA,NA,NA,NA,NA,NA,NA,NA,NA,183.5,"PC16PVSr6","Pika Camp",NA,2016-07-02,2016,38.7,34.8,10.6,"PC16PVSR6","Salix richardsonii"
"363",134,121,NA,NA,NA,81,2016,"Kluane",NA,2016-06-29,"PC16PVSR7",222,108,NA,NA,NA,NA,NA,NA,NA,NA,NA,165,"PC16PVSr7","Pika Camp",NA,2016-07-02,2016,33.3,33.5,11.6,"PC16PVSR7","Salix richardsonii"
"364",135,122,NA,NA,NA,76,2016,"Kluane",NA,2016-06-29,"PC16PVSR8",235,154,NA,NA,NA,NA,NA,NA,NA,NA,NA,194.5,"PC16PVSr8","Pika Camp",NA,2016-07-02,2016,24.7,39.5,8.4,"PC16PVSR8","Salix richardsonii"
"365",844,48,NA,NA,NA,9.8,2017,"Kluane",NA,2017-08-13,"PC17SA1",102,109,NA,NA,NA,NA,NA,NA,NA,NA,NA,10.55,"#N/A","Pika Camp",NA,2017-08-16,2017,5.8,12.1,7.6,"PC17SA1","Salix arctica"
"366",847,54,NA,NA,NA,8.6,2017,"Kluane",NA,2017-08-14,"PC17SA10",117,200,NA,NA,NA,NA,NA,NA,NA,NA,NA,15.85,"#N/A","Pika Camp",NA,2017-08-16,2017,14,16.3,10.7,"PC17SA10","Salix arctica"
"367",65,49,NA,NA,NA,3.5,2017,"Kluane",NA,2017-08-13,"PC17SA3",53,42,NA,NA,NA,NA,NA,NA,NA,NA,NA,47.5,"#N/A","Pika Camp",NA,2017-08-16,2017,5.9,18.1,6.4,"PC17SA3","Salix arctica"
"368",845,50,NA,NA,NA,5.5,2017,"Kluane",NA,2017-08-13,"PC17SA5",108,78,NA,NA,NA,NA,NA,NA,NA,NA,NA,9.3,"#N/A","Pika Camp",NA,2017-08-16,2017,8.9,17.1,8.9,"PC17SA5","Salix arctica"
"369",846,51,NA,NA,NA,6.3,2017,"Kluane",NA,2017-08-14,"PC17SA6",106,104,NA,NA,NA,NA,NA,NA,NA,NA,NA,10.5,"#N/A","Pika Camp",NA,2017-08-16,2017,9,29.9,9,"PC17SA6","Salix arctica"
"370",66,52,NA,NA,NA,5,2017,"Kluane",NA,2017-08-14,"PC17SA7",46,52,NA,NA,NA,NA,NA,NA,NA,NA,NA,49,"#N/A","Pika Camp",NA,2017-08-16,2017,6,18.9,5.6,"PC17SA7","Salix arctica"
"371",67,53,NA,NA,NA,6,2017,"Kluane",NA,2017-08-14,"PC17SA8",34,66,NA,NA,NA,NA,NA,NA,NA,NA,NA,50,"#N/A","Pika Camp",NA,2017-08-16,2017,8,17.5,7.1,"PC17SA8","Salix arctica"
"372",60,43,NA,NA,NA,22,2017,"Kluane",NA,2017-08-14,"PC17SP10",62,51,57,50,50,54,53,55,NA,52.3333333333333,54,56.5,"#N/A","Pika Camp",NA,2017-08-16,2017,11,26.6,14.5,"PC17SP10","Salix pulchra"
"373",54,37,NA,NA,NA,28,2017,"Kluane",NA,2017-08-13,"PC17SP2",226,191,26,26,24,45,44,39,NA,25.3333333333333,42.6666666666667,208.5,"#N/A","Pika Camp",NA,2017-08-16,2017,14.5,26.9,10.4,"PC17SP2","Salix pulchra"
"374",55,38,NA,NA,NA,81,2017,"Kluane",NA,2017-08-13,"PC17SP4",256,191,62,75,107,54,61,49,NA,81.3333333333333,54.6666666666667,223.5,"#N/A","Pika Camp",NA,2017-08-16,2017,49.2,33.6,16.1,"PC17SP4","Salix pulchra"
"375",56,39,NA,NA,NA,33,2017,"Kluane",NA,2017-08-13,"PC17SP5",190,137,45,43,25,38,37,35,NA,37.6666666666667,36.6666666666667,163.5,"#N/A","Pika Camp",NA,2017-08-16,2017,18,26.9,14.8,"PC17SP5","Salix pulchra"
"376",57,40,NA,NA,NA,49,2017,"Kluane",NA,2017-08-14,"PC17SP6",149,91,46,74,40,45,35,39,NA,53.3333333333333,39.6666666666667,120,"#N/A","Pika Camp",NA,2017-08-16,2017,14.9,35.6,12.7,"PC17SP6","Salix pulchra"
"377",58,41,NA,NA,NA,122,2017,"Kluane",NA,2017-08-14,"PC17SP7",211,209,144,128,163,66,70,61,NA,145,65.6666666666667,210,"#N/A","Pika Camp",NA,2017-08-16,2017,53.4,36.1,9.2,"PC17SP7","Salix pulchra"
"378",59,42,NA,NA,NA,83,2017,"Kluane",NA,2017-08-14,"PC17SP9",222,131,56,64,51,50,47,50,NA,57,49,176.5,"#N/A","Pika Camp",NA,2017-08-16,2017,25,34.5,11.9,"PC17SP9","Salix pulchra"
"379",35,18,NA,NA,NA,38.8,2017,"Kluane",NA,2017-08-13,"PC17SR1",47,24,75,70,60,49,40,41,NA,68.3333333333333,43.3333333333333,35.5,"#N/A","Pika Camp",NA,2017-08-16,2017,20.3,32.4,12.2,"PC17SR1","Salix richardsonii"
"380",43,26,NA,NA,NA,78,2017,"Kluane",NA,2017-08-13,"PC17SR10",109,89,82,65,46,62,53,51,NA,64.3333333333333,55.3333333333333,99,"#N/A","Pika Camp",NA,2017-08-16,2017,51.7,35.3,11.7,"PC17SR10","Salix richardsonii"
"381",44,27,NA,NA,NA,80,2017,"Kluane",NA,2017-08-14,"PC17SR11",120,171,73,83,87,63,47,54,NA,81,54.6666666666667,145.5,"#N/A","Pika Camp",NA,2017-08-16,2017,33.4,38.6,12.1,"PC17SR11","Salix richardsonii"
"382",45,28,NA,NA,NA,41,2017,"Kluane",NA,2017-08-14,"PC17SR12",45,60,36,90,51,54,53,51,NA,59,52.6666666666667,52.5,"#N/A","Pika Camp",NA,2017-08-16,2017,8.9,38,8.4,"PC17SR12","Salix richardsonii"
"383",46,29,NA,NA,NA,77,2017,"Kluane",NA,2017-08-14,"PC17SR13",136,65,52,45,71,58,54,54,NA,56,55.3333333333333,100.5,"#N/A","Pika Camp",NA,2017-08-16,2017,17.7,29.3,11.3,"PC17SR13","Salix richardsonii"
"384",47,30,NA,NA,NA,97,2017,"Kluane",NA,2017-08-14,"PC17SR14",145,109,156,100,85,60,54,58,NA,113.666666666667,57.3333333333333,127,"#N/A","Pika Camp",NA,2017-08-16,2017,23.8,41.3,11.6,"PC17SR14","Salix richardsonii"
"385",48,31,NA,NA,NA,109,2017,"Kluane",NA,2017-08-14,"PC17SR15",242,224,84,57,66,61,65,56,NA,69,60.6666666666667,233,"#N/A","Pika Camp",NA,2017-08-16,2017,74.4,36.2,14.8,"PC17SR15","Salix richardsonii"
"386",36,19,NA,NA,NA,55,2017,"Kluane",NA,2017-08-13,"PC17SR3",68,69,45,38,61,45,44,51,NA,48,46.6666666666667,68.5,"#N/A","Pika Camp",NA,2017-08-16,2017,10.7,38.2,8.4,"PC17SR3","Salix richardsonii"
"387",37,20,NA,NA,NA,31,2017,"Kluane",NA,2017-08-13,"PC17SR4",45,36,48,32,33,42,38,41,NA,37.6666666666667,40.3333333333333,40.5,"#N/A","Pika Camp",NA,2017-08-16,2017,9.4,35.5,11.1,"PC17SR4","Salix richardsonii"
"388",38,21,NA,NA,NA,66,2017,"Kluane",NA,2017-08-13,"PC17SR5",112,96,37,39,50,54,46,56,NA,42,52,104,"#N/A","Pika Camp",NA,2017-08-16,2017,47.5,33.8,11.8,"PC17SR5","Salix richardsonii"
"389",39,22,NA,NA,NA,56,2017,"Kluane",NA,2017-08-13,"PC17SR6",128,52,65,60,70,52,52,46,NA,65,50,90,"#N/A","Pika Camp",NA,2017-08-16,2017,25.6,28.3,12.1,"PC17SR6","Salix richardsonii"
"390",40,23,NA,NA,NA,64,2017,"Kluane",NA,2017-08-13,"PC17SR7",157,137,135,84,113,56,50,51,NA,110.666666666667,52.3333333333333,147,"#N/A","Pika Camp",NA,2017-08-16,2017,21.2,34.7,10.2,"PC17SR7","Salix richardsonii"
"391",41,24,NA,NA,NA,64,2017,"Kluane",NA,2017-08-13,"PC17SR8",102,157,64,71,98,40,46,45,NA,77.6666666666667,43.6666666666667,129.5,"#N/A","Pika Camp",NA,2017-08-16,2017,22.1,41.4,14.2,"PC17SR8","Salix richardsonii"
"392",42,25,NA,NA,NA,63,2017,"Kluane",NA,2017-08-13,"PC17SR9",110,72,41,30,18,41,42,38,NA,29.6666666666667,40.3333333333333,91,"#N/A","Pika Camp",NA,2017-08-16,2017,15.5,33.4,13.7,"PC17SR9","Salix richardsonii"
"393",184,175,NA,NA,NA,48,2016,"Kluane",NA,2016-07-01,"PP16TSP1",162,151,NA,NA,NA,NA,NA,NA,NA,NA,NA,156.5,"PP16TSP1","Printers Pass",2016-07-02,2016-08-08,2016,17,32.1,9.7,"PP16TSP1","Salix pulchra"
"394",190,181,NA,NA,NA,64,2016,"Kluane",NA,2016-07-01,"PP16TSP10",104,62,NA,NA,NA,NA,NA,NA,NA,NA,NA,83,"PP16TSp10","Printers Pass",NA,2016-07-02,2016,18,NA,NA,"PP16TSP10","Salix pulchra"
"395",185,176,NA,NA,NA,27,2016,"Kluane",NA,2016-07-01,"PP16TSP3",168,89,NA,NA,NA,NA,NA,NA,NA,NA,NA,128.5,"PP16TSP3","Printers Pass",2016-07-02,2016-08-08,2016,12,28.1,8.8,"PP16TSP3","Salix pulchra"
"396",186,177,NA,NA,NA,45,2016,"Kluane",NA,2016-07-01,"PP16TSP6",131,59,NA,NA,NA,NA,NA,NA,NA,NA,NA,95,"PP16TSp6","Printers Pass",NA,2016-07-02,2016,10,NA,NA,"PP16TSP6","Salix pulchra"
"397",187,178,NA,NA,NA,39,2016,"Kluane",NA,2016-07-01,"PP16TSP7",152,102,NA,NA,NA,NA,NA,NA,NA,NA,NA,127,"PP16TSp7","Printers Pass",NA,2016-07-02,2016,25,NA,NA,"PP16TSP7","Salix pulchra"
"398",188,179,NA,NA,NA,58,2016,"Kluane",NA,2016-07-01,"PP16TSP8",141,103,NA,NA,NA,NA,NA,NA,NA,NA,NA,122,"PP16TSp8","Printers Pass",NA,2016-07-02,2016,29,NA,NA,"PP16TSP8","Salix pulchra"
"399",189,180,NA,NA,NA,33,2016,"Kluane",NA,2016-07-01,"PP16TSP9",226,141,NA,NA,NA,NA,NA,NA,NA,NA,NA,183.5,"PP16TSp9","Printers Pass",NA,2016-07-02,2016,22,NA,NA,"PP16TSP9","Salix pulchra"
"400",183,174,NA,NA,NA,36,2016,"Kluane",NA,2016-07-01,"PP16TSR10",65,32,NA,NA,NA,NA,NA,NA,NA,NA,NA,48.5,"PP16TSr10","Printers Pass",NA,2016-07-02,2016,19,33.7,12.4,"PP16TSR10","Salix richardsonii"
"401",180,171,NA,NA,NA,27,2016,"Kluane",NA,2016-07-01,"PP16TSR2",54,49,NA,NA,NA,NA,NA,NA,NA,NA,NA,51.5,"PP16TSR2","Printers Pass",2016-07-02,2016-08-08,2016,12,27.5,6.2,"PP16TSR2","Salix richardsonii"
"402",181,172,NA,NA,NA,29,2016,"Kluane",NA,2016-07-01,"PP16TSR3",49,30,NA,NA,NA,NA,NA,NA,NA,NA,NA,39.5,"PP16TSR3","Printers Pass",2016-07-02,2016-08-08,2016,8,26.4,12.6,"PP16TSR3","Salix richardsonii"
"403",182,173,NA,NA,NA,14,2016,"Kluane",NA,2016-07-01,"PP16TSR4",56,35,NA,NA,NA,NA,NA,NA,NA,NA,NA,45.5,"PP16TSR4","Printers Pass",2016-07-02,2016-08-08,2016,21,29.5,9.4,"PP16TSR4","Salix richardsonii"
"404",61,44,NA,NA,NA,90,2017,"Kluane",NA,2017-08-15,"PP17SP11",107,128,98,106,86,52,52,50,NA,96.6666666666667,51.3333333333333,117.5,"#N/A","Printers Pass",NA,2017-08-16,2017,30,41.7,9.6,"PP17SP11","Salix pulchra"
"405",62,45,NA,NA,NA,58,2017,"Kluane",NA,2017-08-15,"PP17SP13",174,52,46,44,42,51,41,45,NA,44,45.6666666666667,113,"#N/A","Printers Pass",NA,2017-08-16,2017,17,31.6,13.2,"PP17SP13","Salix pulchra"
"406",63,46,NA,NA,NA,74,2017,"Kluane",NA,2017-08-15,"PP17SP14",148,137,34,65,42,43,38,42,NA,47,41,142.5,"#N/A","Printers Pass",NA,2017-08-16,2017,25,37,10.1,"PP17SP14","Salix pulchra"
"407",64,47,NA,NA,NA,47,2017,"Kluane",NA,2017-08-15,"PP17SP15",225,205,43,77,80,50,51,50,NA,66.6666666666667,50.3333333333333,215,"#N/A","Printers Pass",NA,2017-08-16,2017,23,34.6,11.9,"PP17SP15","Salix pulchra"
"408",49,32,NA,NA,NA,81,2017,"Kluane",NA,2017-08-15,"PP17SR16",137,121,45,59,57,38,44,41,NA,53.6666666666667,41,129,"#N/A","Printers Pass",NA,2017-08-16,2017,31,35.6,11.3,"PP17SR16","Salix richardsonii"
"409",50,33,NA,NA,NA,78.5,2017,"Kluane",NA,2017-08-15,"PP17SR17",154,150,55,50,35,53,50,59,NA,46.6666666666667,54,152,"#N/A","Printers Pass",NA,2017-08-16,2017,25,37.7,14.3,"PP17SR17","Salix richardsonii"
"410",51,34,NA,NA,NA,52,2017,"Kluane",NA,2017-08-15,"PP17SR18",102,43,57,51,65,46,50,48,NA,57.6666666666667,48,72.5,"#N/A","Printers Pass",NA,2017-08-16,2017,11,36.5,8.4,"PP17SR18","Salix richardsonii"
"411",52,35,NA,NA,NA,45,2017,"Kluane",NA,2017-08-15,"PP17SR19",66,46,30,37,34,41,42,45,NA,33.6666666666667,42.6666666666667,56,"#N/A","Printers Pass",NA,2017-08-16,2017,16,24.2,10,"PP17SR19","Salix richardsonii"
"412",53,36,NA,NA,NA,37,2017,"Kluane",NA,2017-08-15,"PP17SR20",32,30,40,31,22,42,44,39,NA,31,41.6666666666667,31,"#N/A","Printers Pass",NA,2017-08-16,2017,11,23.6,10.9,"PP17SR20","Salix richardsonii"
