"","Species","plant_tag_id","sample_id","date_sampled","SLA","Site","year","month","DOY","population","LDMC_percent","LA_cm2"
"1","Salix arctica","SALARC-2023-1",169033643,"2023-06-30",19.3434210526316,"Qikiqtaruk",2023,6,"181","source_north",26.3431542461005,29.402
"2","Salix arctica","SALARC-2023-2",169033676,"2023-06-30",15.8466049382716,"Qikiqtaruk",2023,6,"181","source_north",27,51.343
"3","Salix arctica","SALARC-2023-3",169033694,"2023-06-30",17.5575431034483,"Qikiqtaruk",2023,6,"181","source_north",25.1626898047722,81.467
"4","Salix arctica","SALARC-2023-4",169113378,"2023-07-01",19.1045602605863,"Qikiqtaruk",2023,7,"182","source_north",26.0169491525424,58.651
"5","Salix arctica","SALARC-2023-5",169113429,"2023-07-01",17.4609037328094,"Qikiqtaruk",2023,7,"182","source_north",25.0245821042281,88.876
"6","Salix arctica","SALARC-2023-6",169116926,"2023-07-01",17.0709198813056,"Qikiqtaruk",2023,7,"182","source_north",27.1118262268705,57.529
"7","Salix arctica","SALARC-KP-1",169951583,"2023-07-11",14.8553278688525,"Kluane",2023,7,"192","source_south",24.8725790010194,72.494
"8","Salix arctica","SALARC-KP-3",169951664,"2023-07-11",13.1055979643766,"Kluane",2023,7,"192","source_south",26.5182186234818,51.505
"9","Salix arctica","SALARC-KP-4",169951699,"2023-07-11",13.3149572649573,"Kluane",2023,7,"192","source_south",31.2,62.314
"10","Salix arctica","SALARC-KP-6",169951782,"2023-07-11",16.6760869565217,"Kluane",2023,7,"192","source_south",25.7558790593505,38.355
"11","Salix arctica","SALARC-KP-7",169951868,"2023-07-11",12.9576991150442,"Kluane",2023,7,"192","source_south",31.0269082921472,73.211
"12","Salix arctica","SALARC-KP-5",169956230,"2023-07-11",12.6511705685619,"Kluane",2023,7,"192","source_south",28.0224929709466,37.827
"13","Salix arctica","SALARC-2023-7",171949639,"2023-08-03",17.4485714285714,"Qikiqtaruk",2023,8,"215","source_north",31.6742081447964,36.642
"14","Salix arctica","SALARC-2023-8",171949777,"2023-08-03",13.3541795665635,"Qikiqtaruk",2023,8,"215","source_north",33.7160751565762,43.134
"15","Salix arctica","SALARC-2023-9",171949924,"2023-08-03",10.3553610503282,"Qikiqtaruk",2023,8,"215","source_north",33.1880900508352,47.324
"16","Salix arctica","SALARC-2023-10",171950002,"2023-08-03",11.2320512820513,"Qikiqtaruk",2023,8,"215","source_north",33.3689839572192,35.044
"17","Salix arctica","SALARC-2023-11",171950082,"2023-08-03",10.1065420560748,"Qikiqtaruk",2023,8,"215","source_north",35.5481727574751,32.442
"18","Salix arctica","SALARC-2023-12",171950174,"2023-08-03",12.3119402985075,"Qikiqtaruk",2023,8,"215","source_north",33.5839598997494,49.494
"19","Salix arctica","SALARC-2023-13",172390011,"2023-08-08",12.4576923076923,"Qikiqtaruk",2023,8,"220","source_north",33.6318407960199,42.107
"20","Salix arctica","SALARC-2023-14",172390077,"2023-08-08",12.6732638888889,"Qikiqtaruk",2023,8,"220","source_north",29.7213622291022,36.499
"21","Salix arctica","SALARC-2023-15",172390108,"2023-08-08",12.9831932773109,"Qikiqtaruk",2023,8,"220","source_north",29.3103448275862,46.35
"22","Salix arctica","SALARC-2023-16",172390155,"2023-08-08",13.4036388140162,"Qikiqtaruk",2023,8,"220","source_north",24.5046235138705,99.455
"23","Salix arctica","SALARC-2023-17",172390199,"2023-08-08",12.2372745490982,"Qikiqtaruk",2023,8,"220","source_north",28.8773148148148,61.064
"24","Salix arctica","K15PSA7",105242585,"2021-06-22",10.0679166666667,"Common_garden",2021,6,"173","Southern",37.4123148869836,48.326
"25","Salix arctica","K15PSA9",105249284,"2021-06-22",10.5738461538462,"Common_garden",2021,6,"173","Southern",32.5697924123121,48.111
"26","Salix arctica","KP17SA6",105249832,"2021-06-22",12.3503571428571,"Common_garden",2021,6,"173","Southern",32.6721120186698,34.581
"27","Salix arctica","K15PSA2",105272603,"2021-06-22",10.6186700767263,"Common_garden",2021,6,"173","Southern",34.5406360424028,41.519
"28","Salix arctica","H17SA20",105272707,"2021-06-22",12.4101045296167,"Common_garden",2021,6,"173","Northern",31.4004376367615,35.617
"29","Salix arctica","H15SA12",105272799,"2021-06-22",10.7295238095238,"Common_garden",2021,6,"173","Northern",31.6901408450704,33.798
"30","Salix arctica","PC17SA1",105341831,"2021-06-23",10.941091954023,"Common_garden",2021,6,"174","Southern",31.578947368421,38.075
"31","Salix arctica","HE16SA3",105342070,"2021-06-23",13.9540425531915,"Common_garden",2021,6,"174","Northern",29.2652552926526,32.792
"32","Salix arctica","KP17SA2",105591787,"2021-06-26",14.2972222222222,"Common_garden",2021,6,"177","Southern",30,30.882
"33","Salix arctica","H17SA18",105591888,"2021-06-26",11.7733974358974,"Common_garden",2021,6,"177","Northern",31.7395727365209,36.733
"34","Salix arctica","HE16SA7",105592027,"2021-06-26",12.9571428571429,"Common_garden",2021,6,"177","Northern",29.2642140468227,22.675
"35","Salix arctica","H15SA10",105592169,"2021-06-26",12.6006825938567,"Common_garden",2021,6,"177","Northern",30.8746048472076,36.92
"36","Salix arctica","KP17SA2",137057589,"2022-06-25",8.21297709923664,"Common_garden",2022,6,"176","Southern",33.3050847457627,32.277
"37","Salix arctica","HE16SA3",137057735,"2022-06-25",12.913125,"Common_garden",2022,6,"176","Northern",29.0909090909091,20.661
"38","Salix arctica","HE16SA7",137058151,"2022-06-25",10.5063197026022,"Common_garden",2022,6,"176","Northern",27.9045643153527,28.262
"39","Salix arctica","KP17SA6",137058203,"2022-06-25",12.9011799410029,"Common_garden",2022,6,"176","Southern",30.2139037433155,43.735
"40","Salix arctica","H15SA10",137058669,"2022-06-25",10.0987012987013,"Common_garden",2022,6,"176","Northern",31.0483870967742,38.88
"41","Salix arctica","H15SA12",137058742,"2022-06-25",9.38616714697406,"Common_garden",2022,6,"176","Northern",27.76,32.57
"42","Salix arctica","K15PSA2",137058910,"2022-06-25",9.73825363825364,"Common_garden",2022,6,"176","Southern",32.1309285237141,46.841
"43","Salix arctica","K15PSA7",137059001,"2022-06-25",9.27314211212516,"Common_garden",2022,6,"176","Southern",34.2410714285714,71.125
"44","Salix arctica","K15PSA9",137059095,"2022-06-25",10.087012987013,"Common_garden",2022,6,"176","Southern",30.1415236374586,100.971
"45","Salix arctica","H17SA18",137059182,"2022-06-25",10.8067164179104,"Common_garden",2022,6,"176","Northern",29.0672451193059,43.443
"46","Salix arctica","H17SA20",137059251,"2022-06-25",10.164404609475,"Common_garden",2022,6,"176","Northern",27.8232988956181,79.384
"47","Salix arctica","K15PSA12",137059659,"2022-06-25",10.0664259927798,"Common_garden",2022,6,"176","Southern",30.6755260243632,55.768
"48","Salix arctica","KP-ALP-SAAR1",106364431,"2021-07-05",16.2395973154362,"Kluane",2021,NA,"186","source_south",25.5793991416309,48.394
"49","Salix arctica","KP-ALP-SAAR2",106364506,"2021-07-05",18.1751322751323,"Kluane",2021,NA,"186","source_south",22.7985524728589,34.351
"50","Salix arctica","KP-ALP-SAAR3",106364556,"2021-07-05",19.3154017857143,"Kluane",2021,NA,"186","source_south",23.982869379015,86.533
"51","Salix arctica","KP-ALP-SAAR1",107572873,"2021-07-19",11.7053050397878,"Kluane",2021,NA,"200","source_south",31.5217391304348,44.129
"52","Salix arctica","KP-ALP-SAAR2",107572917,"2021-07-19",13.6334190231362,"Kluane",2021,NA,"200","source_south",27.8453829634932,53.034
"53","Salix arctica","KP-ALP-SAAR3",107572966,"2021-07-19",11.7888888888889,"Kluane",2021,NA,"200","source_south",33.8453389830508,75.331
"54","Salix arctica","SARC2",139632532,"2022-07-25",12,"Qikiqtaruk",2022,NA,"206","source_north",31.963260619977,66.816
"55","Salix arctica","SARC3",139632634,"2022-07-25",13.1246214415506,"Qikiqtaruk",2022,NA,"206","source_north",29.4427106553723,86.675
"56","Salix arctica","",139632391,"2022-07-25",9.24487594390507,"Qikiqtaruk",2022,NA,"206","source_north",30.0555812876332,59.99
"57","Salix arctica",NA,NA,NA,10.52758402,"Qikiqtaruk",2015,NA,"203","source_north",38.4634146,NA
"58","Salix arctica",NA,NA,NA,10.05552896,"Qikiqtaruk",2015,NA,"203","source_north",40.9607843,NA
"59","Salix arctica",NA,NA,NA,10.33189033,"Qikiqtaruk",2015,NA,"203","source_north",39.6,NA
"60","Salix arctica",NA,NA,NA,10.69727891,"Qikiqtaruk",2015,NA,"203","source_north",39.2,NA
"61","Salix arctica",NA,NA,NA,9.24772746,"Qikiqtaruk",2015,NA,"203","source_north",38.2519685,NA
"62","Salix arctica",NA,NA,NA,10.61965318,"Qikiqtaruk",2015,NA,"206","source_north",34.6,NA
"63","Salix arctica",NA,NA,NA,13.33161512,"Qikiqtaruk",2015,NA,"206","source_north",41.5714286,NA
"64","Salix arctica",NA,NA,NA,11.40073193,"Qikiqtaruk",2015,NA,"206","source_north",39.0357143,NA
"65","Salix arctica",NA,NA,NA,9.510846954,"Qikiqtaruk",2015,NA,"206","source_north",39.127907,NA
"66","Salix arctica",NA,NA,NA,9.102306463,"Qikiqtaruk",2015,NA,"206","source_north",39.4504505,NA
"67","Salix arctica",NA,NA,NA,11.45700637,"Qikiqtaruk",2015,NA,"206","source_north",33.0526316,NA
"68","Salix arctica",NA,NA,NA,14.23935091,"Qikiqtaruk",2015,NA,"206","source_north",30.8125,NA
"69","Salix arctica",NA,NA,NA,11.30290011,"Qikiqtaruk",2015,NA,"206","source_north",40.4782609,NA
"70","Salix arctica",NA,NA,NA,13.01891716,"Qikiqtaruk",2015,NA,"206","source_north",35.6511628,NA
"71","Salix arctica",NA,NA,NA,11.8266129,"Qikiqtaruk",2015,NA,"206","source_north",38.1538462,NA
"72","Salix arctica",NA,NA,NA,10.28284672,"Qikiqtaruk",2015,NA,"209","source_north",45.6666667,NA
"73","Salix arctica",NA,NA,NA,8.906217071,"Qikiqtaruk",2015,NA,"209","source_north",45.1904762,NA
"74","Salix arctica",NA,NA,NA,7.335168617,"Qikiqtaruk",2015,NA,"209","source_north",48.4333333,NA
"75","Salix arctica",NA,NA,NA,9.439606742,"Qikiqtaruk",2015,NA,"209","source_north",41.8823529,NA
"76","Salix pulchra","SALPUL-2023-1",169033708,"2023-06-30",16.0859154929577,"Qikiqtaruk",2023,6,"181","source_north",29.5218295218295,22.842
"77","Salix pulchra","SALPUL-2023-2",169033724,"2023-06-30",16.092385786802,"Qikiqtaruk",2023,6,"181","source_north",30.78125,31.702
"78","Salix pulchra","SALPUL-2023-3",169033739,"2023-06-30",16.4892966360856,"Qikiqtaruk",2023,6,"181","source_north",29.3010752688172,53.92
"79","Salix pulchra","SALPUL-2023-4",169113201,"2023-07-01",17.2522633744856,"Qikiqtaruk",2023,7,"182","source_north",30.9160305343511,41.923
"80","Salix pulchra","SALPUL-2023-5",169113244,"2023-07-01",16.9613636363636,"Qikiqtaruk",2023,7,"182","source_north",30.2059496567506,44.778
"81","Salix pulchra","SALPUL-2023-6",169113308,"2023-07-01",17.4980079681275,"Qikiqtaruk",2023,7,"182","source_north",30.9113300492611,43.92
"82","Salix pulchra","SALPUL-KP-1",169952260,"2023-07-11",13.6517647058824,"Kluane",2023,7,"192","source_south",33.7972166998012,46.416
"83","Salix pulchra","SALPUL-KP-3",169952451,"2023-07-11",12.8511784511785,"Kluane",2023,7,"192","source_south",33.2400671516508,76.336
"84","Salix pulchra","SALPUL-KP-4",169952532,"2023-07-11",11.1933823529412,"Kluane",2023,7,"192","source_south",37.7079482439926,45.669
"85","Salix pulchra","SALPUL-KP-5",169952615,"2023-07-11",10.9229601518027,"Kluane",2023,7,"192","source_south",39.5645645645646,57.564
"86","Salix pulchra","SALPUL-KP-6",169952698,"2023-07-11",10.8146282973621,"Kluane",2023,7,"192","source_south",37.6014427412083,45.097
"87","Salix pulchra","SALPUL-KP-7",169952761,"2023-07-11",10.8374125874126,"Kluane",2023,7,"192","source_south",35.0275566442131,61.99
"88","Salix pulchra","SALPUL-KP-8",170557648,"2023-07-18",10.476833976834,"Kluane",2023,7,"199","source_south",39.6934865900383,54.27
"89","Salix pulchra","SALPUL-KP-9",170557709,"2023-07-18",9.75483304042179,"Kluane",2023,7,"199","source_south",39.8459383753501,55.505
"90","Salix pulchra","SALPUL-KP-10",170557759,"2023-07-18",9.65042194092827,"Kluane",2023,7,"199","source_south",41.1815812337098,45.743
"91","Salix pulchra","SALPUL-KP-11",170557825,"2023-07-18",10.1554438860972,"Kluane",2023,7,"199","source_south",38.2202304737516,60.628
"92","Salix pulchra","KLSPE4",105240861,"2021-06-22",12.8886597938144,"Common_garden",2021,6,"173","Southern",38.1889763779528,12.502
"93","Salix pulchra","HERSP12",105248474,"2021-06-22",12.8381679389313,"Common_garden",2021,6,"173","Northern",34.6560846560847,16.818
"94","Salix pulchra","KP16SP59",105250566,"2021-06-22",12.7693498452012,"Common_garden",2021,6,"173","Southern",34.6195069667738,41.245
"95","Salix pulchra","PC17SP1",105341963,"2021-06-23",13.4171875,"Common_garden",2021,6,"174","Southern",35.5555555555556,17.174
"96","Salix pulchra","HERSP24",105342324,"2021-06-23",15.1874015748032,"Common_garden",2021,6,"174","Northern",36.1823361823362,19.288
"97","Salix pulchra","H15SP15",105342584,"2021-06-23",14.9859813084112,"Common_garden",2021,6,"174","Northern",35.7859531772575,16.035
"98","Salix pulchra","PC16CWSP7",105590773,"2021-06-26",11.817667844523,"Common_garden",2021,6,"177","Southern",36.9934640522876,33.444
"99","Salix pulchra","HESP20",105590881,"2021-06-26",14.3147058823529,"Common_garden",2021,6,"177","Northern",40.4761904761905,9.734
"100","Salix pulchra","HERSP29",105591665,"2021-06-26",15.8852713178295,"Common_garden",2021,6,"177","Northern",29.3181818181818,20.492
"101","Salix pulchra","HERSP3",105591213,"2021-06-26",16.2853146853147,"Common_garden",2021,6,"177","Northern",32.0627802690583,23.288
"102","Salix pulchra","KLSPC13",105590986,"2021-06-26",11.3603658536585,"Common_garden",2021,6,"177","Southern",37.4857142857143,37.262
"103","Salix pulchra","HESP12",105591081,"2021-06-26",14.9399176954733,"Common_garden",2021,6,"177","Northern",34.5661450924609,36.304
"104","Salix pulchra","KLSPE6",105773675,"2021-06-28",12.3095744680851,"Common_garden",2021,6,"179","Southern",36.0429447852761,57.855
"105","Salix pulchra","HERSP3",137056184,"2022-06-25",15.3047619047619,"Common_garden",2022,6,"176","Northern",31.8181818181818,16.07
"106","Salix pulchra","KLSPE4",137056264,"2022-06-25",24.7780952380952,"Common_garden",2022,6,"176","Southern",16.9354838709677,26.017
"107","Salix pulchra","PC16CWSP7",137057051,"2022-06-25",10.5528189910979,"Common_garden",2022,6,"176","Southern",36.6304347826087,35.563
"108","Salix pulchra","PC17SP1",137057113,"2022-06-25",13.0917218543046,"Common_garden",2022,6,"176","Southern",27.4545454545454,39.537
"109","Salix pulchra","HESP12",137057531,"2022-06-25",15.2073619631902,"Common_garden",2022,6,"176","Northern",27.6271186440678,24.788
"110","Salix pulchra","KP16SP59",137057792,"2022-06-25",11.5613793103448,"Common_garden",2022,6,"176","Southern",37.5647668393782,16.764
"111","Salix pulchra","HERSP12",137057857,"2022-06-25",12.4093023255814,"Common_garden",2022,6,"176","Northern",32.25,16.008
"112","Salix pulchra","HESP20",137057921,"2022-06-25",19.7860759493671,"Common_garden",2022,6,"176","Northern",26.3333333333333,15.631
"113","Salix pulchra","HERSP29",137058430,"2022-06-25",16.2631067961165,"Common_garden",2022,6,"176","Northern",25.75,16.751
"114","Salix pulchra","KLSPC13",137058520,"2022-06-25",11.3392405063291,"Common_garden",2022,6,"176","Southern",36.1832061068702,26.874
"115","Salix pulchra","KP16SP33",137058598,"2022-06-25",12.8899038461538,"Common_garden",2022,6,"176","Southern",32.2480620155039,26.811
"116","Salix pulchra","KLSPE6",137059569,"2022-06-25",10.1638795986622,"Common_garden",2022,6,"176","Southern",36.5973072215422,60.78
"117","Salix pulchra","HESP11",NA,NA,15.91638796,"Common_garden",2017,7,NA,"Northern",25.20833335,NA
"118","Salix pulchra","HESP12",NA,NA,13.5807303,"Common_garden",2017,7,NA,"Northern",38.012286325,NA
"119","Salix pulchra","HESP14",NA,NA,8.593846154,"Common_garden",2017,7,NA,"Northern",52.5,NA
"120","Salix pulchra","HESP20",NA,NA,16.776201925,"Common_garden",2017,7,NA,"Northern",41.66666665,NA
"121","Salix pulchra","HESP24",NA,NA,23.44695652,"Common_garden",2017,7,NA,"Northern",35.8333333,NA
"122","Salix pulchra","HESP29",NA,NA,12.896786495,"Common_garden",2017,7,NA,"Northern",36.2857143,NA
"123","Salix pulchra","HESP3",NA,NA,15.896434785,"Common_garden",2017,7,NA,"Northern",38.3974359,NA
"124","Salix pulchra","HESP4",NA,NA,25.22361111,"Common_garden",2017,7,NA,"Northern",46.6666666666667,NA
"125","Salix pulchra","HESP6",NA,NA,14.800396825,"Common_garden",2017,7,NA,"Northern",45.83333335,NA
"126","Salix pulchra","KLSPC1",NA,NA,15.29876161,"Common_garden",2017,7,NA,"Southern",39.97252745,NA
"127","Salix pulchra","KLSPC10",NA,NA,11.025,"Common_garden",2017,7,NA,"Southern",45.5357143,NA
"128","Salix pulchra","KLSPC13",NA,NA,10.947348485,"Common_garden",2017,7,NA,"Southern",41.07843135,NA
"129","Salix pulchra","KLSPC2",NA,NA,18.21673684,"Common_garden",2017,7,NA,"Southern",25.97902095,NA
"130","Salix pulchra","KLSPC3",NA,NA,17.856214285,"Common_garden",2017,7,NA,"Southern",44.1666667,NA
"131","Salix pulchra","KLSPC8",NA,NA,11.00868421,"Common_garden",2017,7,NA,"Southern",46.1111111,NA
"132","Salix pulchra","KLSPC9",NA,NA,12.132917885,"Common_garden",2017,7,NA,"Southern",39.375,NA
"133","Salix pulchra","KLSPE1",NA,NA,17.391025645,"Common_garden",2017,7,NA,"Southern",33.6969697,NA
"134","Salix pulchra","KLSPE10",NA,NA,13.483758285,"Common_garden",2017,7,NA,"Southern",45.20833335,NA
"135","Salix pulchra","KLSPE11",NA,NA,12.42276498,"Common_garden",2017,7,NA,"Southern",33.1313131,NA
"136","Salix pulchra","KLSPE12",NA,NA,11.3079465,"Common_garden",2017,7,NA,"Southern",38.01136365,NA
"137","Salix pulchra","KLSPE14",NA,NA,10.028274684,"Common_garden",2017,7,NA,"Southern",36.21794875,NA
"138","Salix pulchra","KLSPE15",NA,NA,9.353693182,"Common_garden",2017,7,NA,"Southern",46.4460784,NA
"139","Salix pulchra","KLSPE2",NA,NA,10.406280785,"Common_garden",2017,7,NA,"Southern",39.02083335,NA
"140","Salix pulchra","KLSPE3",NA,NA,22.2125,"Common_garden",2017,7,NA,"Southern",16,NA
"141","Salix pulchra","KLSPE4",NA,NA,15.24935994,"Common_garden",2017,7,NA,"Southern",34.3073593,NA
"142","Salix pulchra","KLSPE5",NA,NA,14.280316095,"Common_garden",2017,7,NA,"Southern",40.7142857,NA
"143","Salix pulchra","KLSPE6",NA,NA,12.912589385,"Common_garden",2017,7,NA,"Southern",38.7037037,NA
"144","Salix pulchra","KLSPE7",NA,NA,14.42222222,"Common_garden",2017,7,NA,"Southern",39.40191385,NA
"145","Salix pulchra","KLSPE8",NA,NA,12.516873525,"Common_garden",2017,7,NA,"Southern",39.58333335,NA
"146","Salix pulchra","KLSPE9",NA,NA,12.739031865,"Common_garden",2017,7,NA,"Southern",39.85714285,NA
"147","Salix pulchra","KP5-2021-SAPU",105500231,"2021-06-25",19.5752895752896,"Kluane",2021,NA,"176","source_south",26.2145748987854,50.7
"148","Salix pulchra","KP3-2021-SAPU",105501233,"2021-06-25",20.7248322147651,"Kluane",2021,NA,"176","source_south",24.2671009771987,30.88
"149","Salix pulchra","KP9-2021-SAPU",105501373,"2021-06-25",22.5017699115044,"Kluane",2021,NA,"176","source_south",24.8898678414097,25.427
"150","Salix pulchra","KP2-2021-SAPU",105510871,"2021-06-25",17.4877022653722,"Kluane",2021,NA,"176","source_south",28.4530386740332,54.037
"151","Salix pulchra","KP1-2021-SAPU-1",105516629,"2021-06-25",19.903488372093,"Kluane",2021,NA,"176","source_south",27.52,34.234
"152","Salix pulchra","KP1-2021-SAPU-2",105516733,"2021-06-25",20.9542857142857,"Kluane",2021,NA,"176","source_south",22.7272727272727,36.67
"153","Salix pulchra","KP4-2021-SAPU",105523122,"2021-06-25",21.4986577181208,"Kluane",2021,NA,"176","source_south",22.782874617737,32.033
"154","Salix pulchra","KP4-2021-SAPU",106381694,"2021-07-05",14.6013966480447,"Kluane",2021,NA,"186","source_south",31.6394167034909,104.546
"155","Salix pulchra","KP3-2021-SAPU",106381902,"2021-07-05",16.3967914438503,"Kluane",2021,NA,"186","source_south",30.016051364366,61.324
"156","Salix pulchra","KP5-2021-SAPU",106382038,"2021-07-05",15.572745490982,"Kluane",2021,NA,"186","source_south",31.3048933500627,77.708
"157","Salix pulchra","KP1-2021-SAPU-2",106382127,"2021-07-05",15.3254512635379,"Kluane",2021,NA,"186","source_south",31.729667812142,84.903
"158","Salix pulchra","KP2-2021-SAPU",106382289,"2021-07-05",12.3850828729282,"Kluane",2021,NA,"186","source_south",37.0395634379263,67.251
"159","Salix pulchra","KP1-2021-SAPU-1",106382373,"2021-07-05",16.9629343629344,"Kluane",2021,NA,"186","source_south",31.7791411042945,43.934
"160","Salix pulchra","KP6-2021-SAPU",106482783,"2021-07-06",16.9619565217391,"Kluane",2021,NA,"187","source_south",30.4635761589404,62.42
"161","Salix pulchra","KP2-2021-SAPU",107572296,"2021-07-19",10.5001879699248,"Kluane",2021,NA,"200","source_south",39.2041267501842,55.861
"162","Salix pulchra","KP1-2021-SAPU-1",107572335,"2021-07-19",11.2892561983471,"Kluane",2021,NA,"200","source_south",38.6581469648562,54.64
"163","Salix pulchra","KP1-2021-SAPU-2",107572361,"2021-07-19",11.8799011532125,"Kluane",2021,NA,"200","source_south",37.5386518243661,72.111
"164","Salix pulchra","KP3-2021-SAPU",107572453,"2021-07-19",10.7559585492228,"Kluane",2021,NA,"200","source_south",38.0921052631579,62.277
"165","Salix pulchra","KP5-2021-SAPU",107572532,"2021-07-19",11.9189504373178,"Kluane",2021,NA,"200","source_south",35.7850808555034,81.764
"166","Salix pulchra","KP9-2021-SAPU",107572592,"2021-07-19",13.2205962059621,"Kluane",2021,NA,"200","source_south",37.4239350912779,48.784
"167","Salix pulchra","KP4-2021-SAPU",107572700,"2021-07-19",11.5676998368679,"Kluane",2021,NA,"200","source_south",38.8466413181242,70.91
"168","Salix pulchra","KP6-2021-SAPU",107572784,"2021-07-19",12.3343195266272,"Kluane",2021,NA,"200","source_south",36.7125271542361,62.535
"169","Salix pulchra","SPUL1",139721537,"2022-07-26",12.2786689011252,"Qikiqtaruk",2022,NA,"207","source_north",33.5232744783307,51.288
"170","Salix pulchra","SPUL2",139721606,"2022-07-26",12.9560780834073,"Qikiqtaruk",2022,NA,"207","source_north",34.9457364341085,29.203
"171","Salix pulchra","SPUL3",139721663,"2022-07-26",13.572972972973,"Qikiqtaruk",2022,NA,"207","source_north",32.1739130434783,30.132
"172","Salix pulchra",NA,NA,NA,9.916461916,"Qikiqtaruk",2015,NA,"207","source_north",62.6153846,NA
"173","Salix pulchra",NA,NA,NA,7.536470588,"Qikiqtaruk",2015,NA,"207","source_north",56.6666667,NA
"174","Salix pulchra",NA,NA,NA,10.42857143,"Qikiqtaruk",2015,NA,"207","source_north",66.5,NA
"175","Salix pulchra",NA,NA,NA,8.513657056,"Qikiqtaruk",2015,NA,"207","source_north",52.72,NA
"176","Salix pulchra",NA,NA,NA,11.07738815,"Qikiqtaruk",2015,NA,"207","source_north",45.9444444,NA
"177","Salix pulchra",NA,NA,NA,11.55797101,"Qikiqtaruk",2015,NA,"207","source_north",59.1428571,NA
"178","Salix pulchra",NA,NA,NA,11.12051121,"Qikiqtaruk",2015,NA,"207","source_north",42.7346154,NA
"179","Salix pulchra",NA,NA,NA,11.44375,"Qikiqtaruk",2015,NA,"207","source_north",45.1282051,NA
"180","Salix pulchra",NA,NA,NA,10.79466119,"Qikiqtaruk",2015,NA,"207","source_north",48.7,NA
"181","Salix pulchra",NA,NA,NA,9.24584323,"Qikiqtaruk",2015,NA,"207","source_north",52.625,NA
"182","Salix pulchra",NA,NA,NA,9.053977273,"Qikiqtaruk",2015,NA,"207","source_north",54.1538462,NA
"183","Salix pulchra",NA,NA,NA,10.60450563,"Qikiqtaruk",2015,NA,"207","source_north",49.9375,NA
"184","Salix pulchra",NA,NA,NA,9.52259332,"Qikiqtaruk",2015,NA,"207","source_north",56.5555556,NA
"185","Salix pulchra",NA,NA,NA,9.713382508,"Qikiqtaruk",2015,NA,"216","source_north",49.9473684,NA
"186","Salix richardsonii","SALRIC-2023-1",169113436,"2023-07-01",19.5018237082067,"Qikiqtaruk",2023,7,"182","source_north",22.7053140096618,64.161
"187","Salix richardsonii","SALIRIC-2023-2",169113477,"2023-07-01",22.6,"Qikiqtaruk",2023,7,"182","source_north",20.8017334777898,43.392
"188","Salix richardsonii","SALRIC-2023-3",169113526,"2023-07-01",22.6955882352941,"Qikiqtaruk",2023,7,"182","source_north",20.2380952380952,46.299
"189","Salix richardsonii","SALRIC-2023-4",169113546,"2023-07-01",19.9024752475248,"Qikiqtaruk",2023,7,"182","source_north",22.271223814774,40.203
"190","Salix richardsonii","SALRIC-2023-5",169113674,"2023-07-01",16.2426506024096,"Qikiqtaruk",2023,7,"182","source_north",20.843797086891,67.407
"191","Salix richardsonii","SALRIC-2023-6",169113689,"2023-07-01",15.685878962536,"Qikiqtaruk",2023,7,"182","source_north",24.9640287769784,54.43
"192","Salix richardsonii","SALRIC-KP-1",169952713,"2023-07-11",11.6395833333333,"Kluane",2023,7,"192","source_south",30.188679245283,55.87
"193","Salix richardsonii","SALRIC-KP-2",169952826,"2023-07-11",12.7951672862454,"Kluane",2023,7,"192","source_south",32.1194029850746,68.838
"194","Salix richardsonii","SALRIC-KP-3",169953173,"2023-07-11",13.6317073170732,"Kluane",2023,7,"192","source_south",27.9122541603631,50.301
"195","Salix richardsonii","SALRIC-KP-4",169953247,"2023-07-11",12.101867219917,"Kluane",2023,7,"192","source_south",30.2763819095477,58.331
"196","Salix richardsonii","SALRIC-KP-5",169953300,"2023-07-11",11.9125,"Kluane",2023,7,"192","source_south",30.5400372439479,39.073
"197","Salix richardsonii","SALRIC-KP-6",169953348,"2023-07-11",12.090866873065,"Kluane",2023,7,"192","source_south",31.0427679000481,78.107
"198","Salix richardsonii","SALRIC-KP-7",169953403,"2023-07-11",11.8755952380952,"Kluane",2023,7,"192","source_south",29.3193717277487,59.853
"199","Salix richardsonii","SALRIC-KP-8",170557102,"2023-07-18",9.98956276445698,"Kluane",2023,7,"199","source_south",33.2395686826067,70.826
"200","Salix richardsonii","SALRIC-KP-9",170557192,"2023-07-18",11.2709090909091,"Kluane",2023,7,"199","source_south",31.496062992126,49.592
"201","Salix richardsonii","SALRIC-KP-10",170557288,"2023-07-18",10.0218574859888,"Kluane",2023,7,"199","source_south",34.3887665198238,125.173
"202","Salix richardsonii","SALRIC-KP-11",170557390,"2023-07-18",10.1386,"Kluane",2023,7,"199","source_south",35.0385423966363,50.693
"203","Salix richardsonii","SALRIC-2023-7",171950269,"2023-08-03",11.4384353741497,"Qikiqtaruk",2023,8,"215","source_north",29.4884653961886,33.629
"204","Salix richardsonii","SALRIC-2023-8",171950349,"2023-08-03",12.7886503067485,"Qikiqtaruk",2023,8,"215","source_north",30.5243445692884,41.691
"205","Salix richardsonii","SALRIC-2023-9",171950422,"2023-08-03",12.9534946236559,"Qikiqtaruk",2023,8,"215","source_north",29.4770206022187,48.187
"206","Salix richardsonii","SALRIC-2023-10",171950521,"2023-08-03",13.1546875,"Qikiqtaruk",2023,8,"215","source_north",30.8285163776493,42.095
"207","Salix richardsonii","SALRIC-2023-11",171950738,"2023-08-03",11.8367403314917,"Qikiqtaruk",2023,8,"215","source_north",31.0463121783877,42.849
"208","Salix richardsonii","SALRIC-2023-12",171950870,"2023-08-03",13.340108401084,"Qikiqtaruk",2023,8,"215","source_north",30.0733496332518,49.225
"209","Salix richardsonii","H17SR9",105239782,"2021-06-22",13.7566666666667,"Common_garden",2021,6,"173","Northern",28.1954887218045,20.635
"210","Salix richardsonii","KLSRE10",105242530,"2021-06-22",15.237962962963,"Common_garden",2021,6,"173","Southern",29.5485636114911,32.914
"211","Salix richardsonii","KLSRC13",105248949,"2021-06-22",9.19419953596288,"Common_garden",2021,6,"173","Southern",27.5928297055058,39.627
"212","Salix richardsonii","KLSRE14",105249699,"2021-06-22",13.5119565217391,"Common_garden",2021,6,"173","Southern",30.4299889746417,37.293
"213","Salix richardsonii","KP17SR2",105250450,"2021-06-22",15.5345195729537,"Common_garden",2021,6,"173","Southern",28.3838383838384,43.652
"214","Salix richardsonii","H17SR35",105272478,"2021-06-22",15.9115384615385,"Common_garden",2021,6,"173","Northern",25.962910128388,28.959
"215","Salix richardsonii","H17SR13",105342196,"2021-06-23",13.0256983240223,"Common_garden",2021,6,"174","Northern",30.5460750853242,23.316
"216","Salix richardsonii","HEFSR4",105342479,"2021-06-23",14.5462765957447,"Common_garden",2021,6,"174","Northern",27.8518518518518,27.347
"217","Salix richardsonii","KP16SR58",105591571,"2021-06-26",13.02457002457,"Common_garden",2021,6,"177","Southern",28.90625,53.01
"218","Salix richardsonii","HESR8",105591310,"2021-06-26",16.7546052631579,"Common_garden",2021,6,"177","Northern",28.3054003724395,25.467
"219","Salix richardsonii","KLSRE4",105773750,"2021-06-28",13.8621414913958,"Common_garden",2021,6,"179","Southern",32.8930817610063,72.499
"220","Salix richardsonii","H17SR5",137056822,"2022-06-25",14.2026515151515,"Common_garden",2022,6,"176","Northern",23.9347234814143,37.495
"221","Salix richardsonii","KP17SR2",137056896,"2022-06-25",12.0296195652174,"Common_garden",2022,6,"176","Southern",29.6774193548387,44.269
"222","Salix richardsonii","HEFSR4",137056973,"2022-06-25",12.3825,"Common_garden",2022,6,"176","Northern",26.2295081967213,19.812
"223","Salix richardsonii","H17SR9",137057195,"2022-06-25",16.5671532846715,"Common_garden",2022,6,"176","Northern",26.3461538461538,22.697
"224","Salix richardsonii","H17SR13",137057346,"2022-06-25",10.5784688995215,"Common_garden",2022,6,"176","Northern",29.4366197183099,22.109
"225","Salix richardsonii","HESR8",137057417,"2022-06-25",14.3161073825503,"Common_garden",2022,6,"176","Northern",27.5925925925926,21.331
"226","Salix richardsonii","KLSRE10",137057472,"2022-06-25",13.242735042735,"Common_garden",2022,6,"176","Southern",29.4957983193277,46.482
"227","Salix richardsonii","KLSRE11",137058002,"2022-06-25",13.8600907029478,"Common_garden",2022,6,"176","Southern",29.4786096256684,61.123
"228","Salix richardsonii","KLSRE14",137058075,"2022-06-25",11.4419700214133,"Common_garden",2022,6,"176","Southern",31.1333333333333,53.434
"229","Salix richardsonii","KLSRC13",137058352,"2022-06-25",14.1427884615385,"Common_garden",2022,6,"176","Southern",27.0833333333333,88.251
"230","Salix richardsonii","KP16SR58",137059314,"2022-06-25",12.3265560165975,"Common_garden",2022,6,"176","Southern",26.9123394751535,59.414
"231","Salix richardsonii","H17SR35",137059383,"2022-06-25",12.1461187214612,"Common_garden",2022,6,"176","Northern",26.5133171912833,26.6
"232","Salix richardsonii","KLSRE4",137059469,"2022-06-25",12.6310231023102,"Common_garden",2022,6,"176","Southern",31.7277486910995,76.544
"233","Salix richardsonii","HESR13",NA,NA,17.927083335,"Common_garden",2017,7,NA,"Northern",29.64285715,NA
"234","Salix richardsonii","HESR2",NA,NA,19.965,"Common_garden",2017,7,NA,"Northern",29.16666665,NA
"235","Salix richardsonii","HESR21",NA,NA,15.72104072,"Common_garden",2017,7,NA,"Northern",33.25,NA
"236","Salix richardsonii","HESR26",NA,NA,13.579843305,"Common_garden",2017,7,NA,"Northern",38.54166665,NA
"237","Salix richardsonii","HESR27",NA,NA,14.14191919,"Common_garden",2017,7,NA,"Northern",42.5,NA
"238","Salix richardsonii","HESR3",NA,NA,15.017741935,"Common_garden",2017,7,NA,"Northern",31.4090909,NA
"239","Salix richardsonii","HESR4",NA,NA,16.565196075,"Common_garden",2017,7,NA,"Northern",32.30113635,NA
"240","Salix richardsonii","HESR7",NA,NA,21.63784585,"Common_garden",2017,7,NA,"Northern",32.14285715,NA
"241","Salix richardsonii","HESR8",NA,NA,18.02381579,"Common_garden",2017,7,NA,"Northern",30.11904765,NA
"242","Salix richardsonii","KLSRC10",NA,NA,14.420548655,"Common_garden",2017,7,NA,"Southern",37.5,NA
"243","Salix richardsonii","KLSRC11",NA,NA,9.3103944795,"Common_garden",2017,7,NA,"Southern",37.3787879,NA
"244","Salix richardsonii","KLSRC13",NA,NA,10.5203363395,"Common_garden",2017,7,NA,"Southern",33.4742647,NA
"245","Salix richardsonii","KLSRC2",NA,NA,12.764132145,"Common_garden",2017,7,NA,"Southern",34.2745377,NA
"246","Salix richardsonii","KLSRC6",NA,NA,13.56046366,"Common_garden",2017,7,NA,"Southern",34.2647059,NA
"247","Salix richardsonii","KLSRC7",NA,NA,14.63009317,"Common_garden",2017,7,NA,"Southern",35.1923077,NA
"248","Salix richardsonii","KLSRE10",NA,NA,14.82359845,"Common_garden",2017,7,NA,"Southern",31.95689655,NA
"249","Salix richardsonii","KLSRE11",NA,NA,14.464576925,"Common_garden",2017,7,NA,"Southern",32.37903225,NA
"250","Salix richardsonii","KLSRE13",NA,NA,16.4075,"Common_garden",2017,7,NA,"Southern",32.03703705,NA
"251","Salix richardsonii","KLSRE14",NA,NA,15.15678348,"Common_garden",2017,7,NA,"Southern",31.260771,NA
"252","Salix richardsonii","KLSRE15",NA,NA,14.83643411,"Common_garden",2017,7,NA,"Southern",32.6401515,NA
"253","Salix richardsonii","KLSRE4",NA,NA,15.324401535,"Common_garden",2017,7,NA,"Southern",35.51136365,NA
"254","Salix richardsonii","KLSRE6",NA,NA,12.703147165,"Common_garden",2017,7,NA,"Southern",35.4074074,NA
"255","Salix richardsonii","KLSRE7",NA,NA,18.580267295,"Common_garden",2017,7,NA,"Southern",27.58373205,NA
"256","Salix richardsonii","KLSRE9",NA,NA,15.05516204,"Common_garden",2017,7,NA,"Southern",34.50734395,NA
"257","Salix richardsonii","KPSR5",NA,NA,19.44534759,"Common_garden",2017,7,NA,"Southern",34.1875,NA
"258","Salix richardsonii","KP5-2021-SARI",105500938,"2021-06-25",18.6760416666667,"Kluane",2021,NA,"176","source_south",24.6945337620579,71.716
"259","Salix richardsonii","KP3-2021-SARI",105501123,"2021-06-25",23.9904929577465,"Kluane",2021,NA,"176","source_south",21.5151515151515,68.133
"260","Salix richardsonii","KP9-2021-SARI",105501502,"2021-06-25",20.146394984326,"Kluane",2021,NA,"176","source_south",23.015873015873,64.267
"261","Salix richardsonii","KP7-2021-SARI-2",105510746,"2021-06-25",23.3665369649805,"Kluane",2021,NA,"176","source_south",20.2044025157233,60.052
"262","Salix richardsonii","KP2-2021-SARI",105510983,"2021-06-25",18.5632323232323,"Kluane",2021,NA,"176","source_south",23.6051502145923,91.888
"263","Salix richardsonii","KP7-2021-SARI-1",105516878,"2021-06-25",20.4673796791444,"Kluane",2021,NA,"176","source_south",22.3684210526316,76.548
"264","Salix richardsonii","KP8-2021-SARI-2",105523254,"2021-06-25",22.7507853403141,"Kluane",2021,NA,"176","source_south",20.8287895310796,43.454
"265","Salix richardsonii","KP8-2021-SARI-1",105523386,"2021-06-25",20.5364016736402,"Kluane",2021,NA,"176","source_south",21.3583556747096,49.082
"266","Salix richardsonii","KP4-2021-SARI",105523539,"2021-06-25",20.5741525423729,"Kluane",2021,NA,"176","source_south",22.0560747663551,48.555
"267","Salix richardsonii","KP6-2021-SARI-2",105523668,"2021-06-25",20.8785714285714,"Kluane",2021,NA,"176","source_south",21.5384615384615,46.768
"268","Salix richardsonii","KP6-2021-SARI-1",105523789,"2021-06-25",20.6335714285714,"Kluane",2021,NA,"176","source_south",20.8643815201192,57.774
"269","Salix richardsonii","KP-ALP-SARI1",106364470,"2021-07-05",23.5374193548387,"Kluane",2021,NA,"186","source_south",22.3665223665224,36.483
"270","Salix richardsonii","KP-ALP-SARI2",106364529,"2021-07-05",20.4802955665025,"Kluane",2021,NA,"186","source_south",22.8861330326945,41.575
"271","Salix richardsonii","KP-ALP-SARI3",106364575,"2021-07-05",16.0605263157895,"Kluane",2021,NA,"186","source_south",24.6553122465531,48.824
"272","Salix richardsonii","KP6-2021-SARI-2",106381730,"2021-07-05",22.8206214689266,"Kluane",2021,NA,"186","source_south",22.3626026531901,80.785
"273","Salix richardsonii","KP6-2021-SARI-1",106381773,"2021-07-05",20.2637809187279,"Kluane",2021,NA,"186","source_south",22.5587883618972,114.693
"274","Salix richardsonii","KP8-2021-SARI-2",106381796,"2021-07-05",18.5508021390374,"Kluane",2021,NA,"186","source_south",25.6515775034294,104.07
"275","Salix richardsonii","KP8-2021-SARI-1",106381846,"2021-07-05",15.8306226175349,"Kluane",2021,NA,"186","source_south",25.3707285622179,124.587
"276","Salix richardsonii","KP4-2021-SARI",106381873,"2021-07-05",16.263539445629,"Kluane",2021,NA,"186","source_south",25.5864702673213,76.276
"277","Salix richardsonii","KP3-2021-SARI",106382017,"2021-07-05",14.993916755603,"Kluane",2021,NA,"186","source_south",26.9562715765247,NA
"278","Salix richardsonii","KP5-2021-SARI",106382062,"2021-07-05",14.916338028169,"Kluane",2021,NA,"186","source_south",28.0521532990913,105.906
"279","Salix richardsonii","KP9-2021-SARI",106382085,"2021-07-05",13.1804,"Kluane",2021,NA,"186","source_south",29.1375291375291,98.853
"280","Salix richardsonii","KP2-2021-SARI",106382266,"2021-07-05",14.0203539823009,"Kluane",2021,NA,"186","source_south",29.6069868995633,95.058
"281","Salix richardsonii","KP7-2021-SARI-1",106382317,"2021-07-05",16.3035511363636,"Kluane",2021,NA,"186","source_south",28.0813721579577,114.777
"282","Salix richardsonii","KP7-2021-SARI-2",106382343,"2021-07-05",13.8803361344538,"Kluane",2021,NA,"186","source_south",27.6358569437994,82.588
"283","Salix richardsonii","KP7-2021-SARI-1",107572254,"2021-07-19",10.588534107402,"Kluane",2021,NA,"200","source_south",35.2249488752556,72.955
"284","Salix richardsonii","KP2-2021-SARI",107572388,"2021-07-19",10.80112,"Kluane",2021,NA,"200","source_south",34.1157205240175,67.507
"285","Salix richardsonii","KP7-2021-SARI-2",107572415,"2021-07-19",10.5035182679296,"Kluane",2021,NA,"200","source_south",33.4995466908432,77.621
"286","Salix richardsonii","KP3-2021-SARI",107572488,"2021-07-19",11.1458123107972,"Kluane",2021,NA,"200","source_south",33.6388323150034,110.455
"287","Salix richardsonii","KP5-2021-SARI",107572569,"2021-07-19",11.3749336870027,"Kluane",2021,NA,"200","source_south",33.6607142857143,85.767
"288","Salix richardsonii","KP9-2021-SARI",107572621,"2021-07-19",10.3364306784661,"Kluane",2021,NA,"200","source_south",34.9304482225657,70.081
"289","Salix richardsonii","KP4-2021-SARI",107572678,"2021-07-19",9.80134730538922,"Kluane",2021,NA,"200","source_south",31.4205079962371,65.473
"290","Salix richardsonii","KP6-2021-SARI-2",107572722,"2021-07-19",13.8338624338624,"Kluane",2021,NA,"200","source_south",30.3695768612748,78.438
"291","Salix richardsonii","KP6-2021-SARI-1",107572748,"2021-07-19",14.6262948207171,"Kluane",2021,NA,"200","source_south",29.512051734274,73.424
"292","Salix richardsonii","KP8-2021-SARI-1",107572830,"2021-07-19",10.8723333333333,"Kluane",2021,NA,"200","source_south",31.5015750787539,97.851
"293","Salix richardsonii","KP8-2021-SARI-2",107572855,"2021-07-19",10.7296851574213,"Kluane",2021,NA,"200","source_south",33.1181727904667,71.567
"294","Salix richardsonii","KP-ALP-SARI1",107572895,"2021-07-19",16.0073800738007,"Kluane",2021,NA,"200","source_south",28.2881002087683,43.38
"295","Salix richardsonii","KP-ALP-SARI2",107572939,"2021-07-19",15.1079096045198,"Kluane",2021,NA,"200","source_south",27.9400157853197,53.482
"296","Salix richardsonii","KP-ALP-SARI3",107572986,"2021-07-19",11.7484337349398,"Kluane",2021,NA,"200","source_south",30.1818181818182,48.756
"297","Salix richardsonii","SRIC2",139721322,"2022-07-26",12.822861887628,"Qikiqtaruk",2022,NA,"207","source_north",28.3372549019608,46.329
"298","Salix richardsonii","SRIC1",139721255,"2022-07-26",15.5254817987152,"Qikiqtaruk",2022,NA,"207","source_north",25.8296460176991,36.252
"299","Salix richardsonii",NA,NA,NA,17.30952381,"Kluane",2014,NA,"July","source_south",NA,NA
"300","Salix richardsonii",NA,NA,NA,17.4375,"Kluane",2014,NA,"July","source_south",NA,NA
"301","Salix richardsonii",NA,NA,NA,18.56315789,"Kluane",2014,NA,"July","source_south",NA,NA
"302","Salix richardsonii",NA,NA,NA,20.94210526,"Kluane",2014,NA,"July","source_south",NA,NA
"303","Salix richardsonii",NA,NA,NA,15.17631579,"Kluane",2014,NA,"July","source_south",NA,NA
"304","Salix richardsonii",NA,NA,NA,12.55897436,"Kluane",2014,NA,"July","source_south",NA,NA
"305","Salix richardsonii",NA,NA,NA,13.66455696,"Kluane",2014,NA,"July","source_south",NA,NA
"306","Salix richardsonii",NA,NA,NA,13.52555556,"Kluane",2014,NA,"July","source_south",NA,NA
"307","Salix richardsonii",NA,NA,NA,10.29009901,"Kluane",2014,NA,"July","source_south",NA,NA
"308","Salix richardsonii",NA,NA,NA,15.74666667,"Kluane",2014,NA,"July","source_south",NA,NA
"309","Salix richardsonii",NA,NA,NA,12.10483871,"Qikiqtaruk",2014,NA,"July","source_north",NA,NA
"310","Salix richardsonii",NA,NA,NA,12.39325843,"Qikiqtaruk",2014,NA,"July","source_north",NA,NA
"311","Salix richardsonii",NA,NA,NA,11.17532468,"Qikiqtaruk",2014,NA,"July","source_north",NA,NA
"312","Salix richardsonii",NA,NA,NA,9.970760234,"Qikiqtaruk",2014,NA,"July","source_north",NA,NA
"313","Salix richardsonii",NA,NA,NA,10.23664122,"Qikiqtaruk",2014,NA,"July","source_north",NA,NA
"314","Salix richardsonii",NA,NA,NA,10.76875,"Qikiqtaruk",2014,NA,"July","source_north",NA,NA
"315","Salix richardsonii",NA,NA,NA,12.68306011,"Qikiqtaruk",2014,NA,"July","source_north",NA,NA
"316","Salix richardsonii",NA,NA,NA,14.32258065,"Qikiqtaruk",2014,NA,"July","source_north",NA,NA
"317","Salix richardsonii",NA,NA,NA,9.990654206,"Qikiqtaruk",2014,NA,"July","source_north",NA,NA
"318","Salix richardsonii",NA,NA,NA,9.566791511,"Qikiqtaruk",2015,NA,"203","source_north",44.5,NA
"319","Salix richardsonii",NA,NA,NA,10.19388464,"Qikiqtaruk",2015,NA,"203","source_north",36.8974359,NA
"320","Salix richardsonii",NA,NA,NA,10.6117837,"Qikiqtaruk",2015,NA,"206","source_north",42.7241379,NA
"321","Salix richardsonii",NA,NA,NA,11.48864418,"Qikiqtaruk",2015,NA,"206","source_north",32.2888889,NA
"322","Salix richardsonii",NA,NA,NA,12.30016051,"Qikiqtaruk",2015,NA,"206","source_north",36.6470588,NA
"323","Salix richardsonii",NA,NA,NA,11.6475827,"Qikiqtaruk",2015,NA,"206","source_north",39.3,NA
"324","Salix richardsonii",NA,NA,NA,11.61092715,"Qikiqtaruk",2015,NA,"206","source_north",35.5294118,NA
"325","Salix richardsonii",NA,NA,NA,9.796788141,"Qikiqtaruk",2015,NA,"206","source_north",39.4878049,NA
"326","Salix richardsonii",NA,NA,NA,20.20352997,"Qikiqtaruk",2015,NA,"206","source_north",19.0575758,NA
"327","Salix richardsonii",NA,NA,NA,10.16045627,"Qikiqtaruk",2015,NA,"206","source_north",36.5277778,NA
"328","Salix richardsonii",NA,NA,NA,14.39469129,"Qikiqtaruk",2015,NA,"207","source_north",35.3673469,NA
"329","Salix richardsonii",NA,NA,NA,9.98019802,"Qikiqtaruk",2015,NA,"207","source_north",53.8666667,NA
"330","Salix richardsonii",NA,NA,NA,11.58942065,"Qikiqtaruk",2015,NA,"207","source_north",42.5357143,NA
"331","Salix richardsonii",NA,NA,NA,10.81847826,"Qikiqtaruk",2015,NA,"207","source_north",48.4210526,NA
"332","Salix richardsonii",NA,NA,NA,9.736352357,"Qikiqtaruk",2015,NA,"207","source_north",37.4883721,NA
"333","Salix richardsonii",NA,NA,NA,10.40228789,"Qikiqtaruk",2015,NA,"213","source_north",41.96,NA
"334","Salix richardsonii",NA,NA,NA,10.62539185,"Qikiqtaruk",2015,NA,"213","source_north",39.875,NA
"335","Salix richardsonii",NA,NA,NA,10.14553473,"Qikiqtaruk",2015,NA,"213","source_north",45.35,NA
"336","Salix richardsonii",NA,NA,NA,9.579346558,"Qikiqtaruk",2015,NA,"213","source_north",47.6111111,NA
"337","Salix richardsonii",NA,NA,NA,8.855405405,"Qikiqtaruk",2015,NA,"213","source_north",49.3333333,NA
